"GKID";"vague";"version";"qstatus";"screenout";"rs1";"rs2";"rs3";"rs3rec";"rs4";"rs5";"rs6";"q1";"q2";"q3";"q4";"q5";"rs1a";"rs1b";"actq1";"actq2";"actq3";"actq4:1";"actq4:2";"actq4:3";"actq5";"actq6";"actq7";"actq8";"actq9[i1]";"actq9[i2]";"actq9[i3]";"actq9[i4]";"actq9[i5]";"actq9[i6]";"actq9[i7]";"actq9[i8]";"actq10:1";"actq10:2";"actq10:3";"CW_finishdate";"CW_finishtime";"CW_duration"
"e4q48368mv70";70;1;11;;;1;28;1;2;1;5;2;4;3;3;3;1;5;"Emmanuel Macron";"Les premiers impacts de la loi travail, et de celle concernant la sécurité sociale";2;3;2;;1;2;1;2;1;2;2;1;2;1;2;1;3;5;4;20171116;"100049";615
"w4k74368mv70";70;1;11;;;1;43;3;1;;;2;3;4;3;2;1;4;"Loi travail<LF>Contrat Airbus<LF>Emmanuel Macron";"Réforme taxe d'habitation";2;2;4;3;2;2;1;2;1;1;2;1;2;1;1;1;6;2;4;20171115;"184816";1953
"a4x56369mv70";70;1;11;;;2;37;2;1;;;3;3;3;2;3;1;4;"le président macron";"le président";1;1;6;3;2;2;1;1;1;1;3;3;3;1;1;1;3;;;20171115;"215501";1701
"w4k84372mv70";70;1;11;;;1;27;1;2;2;5;3;2;2;3;3;1;5;"macron";"macron";3;6;4;5;2;1;1;1;2;1;1;1;2;1;1;2;7;4;6;20171115;"084502";307
"y4s52362mv70";70;1;11;;;1;40;3;1;;;3;4;2;2;3;1;4;"Président Macron, Commandes records d'aéronefs, grèves contre la loi travail";"Macron, Trump, les négociations de sortie de l'Europe de l'Angleterre";2;2;3;4;2;2;2;2;1;2;2;1;2;1;1;2;6;7;4;20171116;"082016";759
"w4h52377mv70";70;1;11;;;1;46;3;1;;;3;4;4;3;3;1;5;"le 1er ministre, ";"le ministre de l'économie, le ministre de l'écologie";2;3;1;;1;1;2;2;2;2;1;1;1;1;1;3;5;3;7;20171115;"164919";452
"y4s76372mv70";70;1;11;;;1;30;2;2;4;1;3;3;2;2;3;1;5;"Macron";"Macron";2;2;3;1;1;1;1;1;2;2;2;2;2;2;2;2;8;5;;20171115;"112444";245
"a4a96373mv70";70;1;11;;;2;54;4;2;4;6;6;6;3;2;3;1;4;"?";"E Macron";2;1;3;4;2;2;2;2;1;1;3;1;3;1;1;3;7;1;6;20171114;"211758";431
"y4s74377mv70";70;1;11;;;2;28;1;2;3;1;2;4;2;3;3;1;5;"Macron et les start up";"Start up";3;6;1;5;1;1;2;2;2;2;1;1;1;1;2;2;3;4;6;20171115;"104615";298
"g4y94376mv70";70;1;11;;;2;56;4;2;1;6;5;2;4;3;4;1;3;"Les élections";"Macron";2;1;2;;1;2;1;3;1;2;2;1;2;1;1;1;7;6;;20171114;"203542";345
"m4t22352mv70";70;1;11;;;2;39;2;2;2;3;2;4;1;1;1;1;5;"Attentats";"Noël";1;3;;;2;1;2;1;1;1;3;1;1;1;1;1;5;6;3;20171116;"123049";238
"u4z54363mv70";70;1;11;;;2;47;3;2;4;6;4;3;3;2;2;1;5;"Loi travail - Macron";"Aides aux entreprises - Brexit";2;7;;;1;2;1;2;2;1;2;2;2;1;1;3;2;1;;20171116;"074023";271
"a4a94349mv70";70;1;11;;;2;53;4;2;1;1;4;2;3;2;3;1;5;"Rien de marquant sinon des promesses gouvernementales non tenues ou partiellement.";"Les décisions gouvernementales à venir.";3;5;;;2;1;3;3;1;1;3;3;3;1;3;3;3;1;6;20171116;"123719";341
"s4u26386mv70";70;1;11;;;2;43;3;1;;;4;2;4;3;3;1;4;"?";"?";2;2;;;2;2;1;2;1;1;1;2;3;3;1;3;1;2;6;20171114;"195132";312
"u4c28389mv70";70;1;11;;;1;45;3;2;4;1;2;4;4;3;3;1;5;"?";"Macron";2;1;2;6;1;1;1;2;2;2;2;1;2;2;1;2;7;4;;20171114;"191837";320
"m4t78365mv70";70;1;11;;;2;45;3;1;;;3;4;3;3;4;1;4;"Taxe d'habitation. ";"Je ne sais pas";3;3;4;2;2;3;2;2;3;1;1;1;3;1;1;3;7;;;20171115;"184139";522
"q4j82375mv70";70;1;11;;;1;52;4;1;;;4;4;3;2;3;1;4;"Emmanuel Macron";"Emmanuel Macron";2;6;2;;2;2;2;1;1;1;1;1;1;1;1;1;5;7;4;20171114;"232740";281
"m4t56365mv70";70;1;11;;;1;43;3;2;2;1;2;3;3;3;3;1;5;"brexit<LF>macron<LF>edouad philippe";"pas d'idee";2;5;2;;2;2;2;2;2;1;1;2;1;1;1;1;6;8;3;20171115;"224534";347
"s4u82345mv70";70;1;11;;;1;34;2;2;4;1;3;3;3;2;3;1;5;"macron";"macron";2;2;3;4;2;2;1;1;2;2;1;1;1;1;1;1;5;7;6;20171116;"150716";201
"w4k76348mv70";70;1;11;;;1;28;1;1;;;3;2;3;3;3;1;4;"emmanuel macron";"emmanuel macron";2;6;3;1;3;2;2;2;1;2;2;1;3;1;1;3;5;7;4;20171116;"183009";260
"m4t92375mv70";70;1;11;;;2;62;4;1;;;5;1;5;3;4;1;4;"ne sais pas";"je n'en sais rien";2;5;4;;4;2;2;2;2;3;3;1;1;1;1;2;5;7;8;20171114;"205026";341
"a4a62374mv70";70;1;11;;;2;39;2;2;4;4;3;3;3;3;3;1;5;"aucune";"je ne sais ps";2;3;1;;3;2;1;2;2;2;2;1;3;1;1;3;6;4;7;20171115;"125658";263
"q4j76346mv70";70;1;11;;;1;29;1;2;4;4;2;3;2;2;2;1;5;"Personne";"Trump";2;1;4;3;2;2;1;2;1;1;1;1;1;2;1;1;7;8;1;20171116;"191552";380
"w4h44368mv70";70;1;11;;;1;37;2;2;2;6;3;3;4;2;4;1;4;"rien";"les inégalités";2;5;4;;2;2;2;2;1;1;1;1;1;1;1;1;3;6;4;20171116;"101134";1271
"u4c86343mv70";70;1;11;;;1;28;1;2;4;1;3;2;3;2;4;1;5;"Aucun";"Aucun";2;4;5;;1;1;2;2;2;3;3;3;2;1;1;1;6;2;8;20171116;"155716";274
"s4r76369mv70";70;1;11;;;1;39;2;2;2;6;1;5;2;2;1;1;5;"lois travail<LF>Emmanuel macron";"Emmanuel macron<LF>lois sur la formation";2;3;2;4;2;2;1;2;1;2;2;1;2;1;1;1;4;6;1;20171115;"181804";260
"u4c62347mv70";70;1;11;;;2;63;4;1;;;3;3;4;2;4;1;4;"Suppression isf et réductions apl...";"Medef";2;2;5;6;2;2;2;2;1;1;1;1;1;1;1;2;1;7;3;20171116;"211648";428
"m4t96349mv70";70;1;11;;;2;56;4;2;2;1;2;3;2;2;3;1;5;"Donald TRUMP / Emmanuel MACRON / La chute boursière de SFR / Le nouveau parlement chinois";"La politique de Donald TRUMP / La Chine";1;3;5;2;2;2;1;1;2;2;2;2;3;1;2;3;3;2;6;20171116;"124544";394
"q4j86378mv70";70;1;11;;;2;37;2;1;;;3;4;3;3;3;1;4;"Le montant de la CSG<LF>E. Macron";"La mise en place de nouveaux contrats francs<LF>La CSG";2;5;4;3;2;2;2;1;1;2;2;1;1;2;1;1;5;4;7;20171114;"221958";300
"m4t96378mv70";70;1;11;;;1;39;2;2;1;6;3;4;3;2;2;1;5;"MACRON";"MACRON";2;1;;;2;2;1;1;2;2;2;1;2;1;1;1;6;1;8;20171116;"062112";770
"w4k46367mv70";70;1;11;;;2;32;2;1;;;4;3;3;2;3;1;4;"La coupe du monde";"Je ne sais pas";2;6;2;;3;2;3;1;2;2;2;2;1;1;1;2;5;8;6;20171116;"104439";1003
"m4t98343mv70";70;1;11;;;2;39;2;2;1;1;3;2;3;3;3;1;5;"Rien nous avons un président aussi minable que ses prédécesseurs!";"Rien!";2;4;;;2;2;2;2;2;2;2;2;1;1;1;3;7;8;6;20171116;"132152";228
"c4f96377mv70";70;1;11;;;1;56;4;1;;;2;3;4;3;3;1;4;"Sortie de la grande Bretagne de l Europe<LF>Confiance des investisseurs en hausse<LF>Légère reprise de l emploi<LF>Emmanuel Macron,Donald Trump...";"Emmanuel Macron <LF>Là Cop 22 si positiv";2;5;4;6;2;2;2;2;1;1;1;1;1;1;1;1;5;4;6;20171114;"204311";937
"s4u38384mv70";70;1;11;;;1;42;3;2;1;3;2;3;3;3;3;1;5;"macron";"macron";2;4;;;2;3;2;2;1;3;1;3;3;2;1;1;3;;;20171114;"190142";277
"e4n42366mv70";70;1;11;;;1;37;2;2;4;1;3;3;3;3;3;1;5;"Aucun";"aucun";3;7;;;3;2;2;2;3;2;2;1;1;3;1;3;4;5;6;20171116;"110111";286
"m4w88374mv70";70;1;11;;;2;28;1;2;3;3;2;2;2;2;2;1;5;"rien de particulier";"je ne sais ppas";3;8;;;4;3;3;3;3;3;3;3;3;3;3;3;4;;;20171115;"074015";1415
"w4h52363mv70";70;1;11;;;1;36;2;1;;;1;5;1;3;1;1;4;"Macron ";"Macron ";2;4;1;2;2;2;1;1;1;2;3;3;1;1;3;1;4;1;5;20171115;"232745";285
"c4f86374mv70";70;1;11;;;1;25;1;1;;;2;4;2;3;2;1;4;"Emmanuel Macron";"Emmanuel Macron";2;2;3;;2;2;2;2;1;1;1;1;1;1;1;1;2;3;1;20171115;"072106";240
"g4v92377mv70";70;1;11;;;2;40;3;2;4;3;4;2;4;2;1;1;5;"Macron";"Macron";2;6;;;2;2;1;2;1;3;3;1;3;1;1;1;4;6;7;20171116;"072606";263
"u4c92343mv70";70;1;11;;;1;59;4;1;;;5;1;5;3;4;1;4;"Gréves contre les ordonnances sur le code du travail.<LF>diminution des APL.<LF>CSG en hausse.<LF>Report de la diminution de taxe d'habitation.<LF>JL Mélenchon<LF>Trump";"Martinez<LF>Macron";2;5;4;;2;2;1;2;2;1;1;1;1;1;1;1;4;8;7;20171116;"132437";379
"w4h58374mv70";70;1;11;;;1;60;4;2;1;6;4;2;4;2;3;1;5;"Corée / USA";"Trump";2;1;4;3;2;2;1;2;2;1;2;1;2;1;1;1;2;4;7;20171115;"172823";452
"u4c86372mv70";70;1;11;;;2;39;2;2;1;6;4;3;4;3;3;1;5;"aucun";"aucun";3;4;;;3;2;1;2;2;2;2;3;3;1;1;3;7;;;20171115;"090646";214
"y4p88378mv70";70;1;11;;;1;38;2;2;2;1;4;2;4;3;4;1;5;"Macron avec ses réformes débiles qui favorisent les riches!";"comment prédire l'avenir?";2;4;;;3;1;2;2;2;2;2;1;1;1;1;1;8;6;;20171114;"215658";303
"y4s98373mv70";70;1;11;;;1;37;2;2;4;5;4;1;4;2;3;1;5;"BREXIT, baisse du baril de petrole, ";"coupe du monde , uberisation de la societe ,";2;4;;;2;2;2;2;2;2;2;1;2;1;1;1;6;4;7;20171114;"212651";658
"y4p78375mv70";70;1;11;;;1;32;2;2;1;1;4;2;2;3;2;1;5;"Je ne sais pas";"Je ne sais pas";1;1;5;2;2;1;2;2;1;1;1;1;1;1;1;1;3;;;20171115;"110706";1217
"y4p44363mv70";70;1;11;;;2;50;4;1;;;2;4;3;2;2;1;4;"Macron, Merkel";"Macron, Merkel";2;5;6;;3;2;1;1;1;3;3;1;1;1;1;3;1;4;;20171116;"122525";253
"s4u86377mv70";70;1;11;;;1;41;3;1;;;4;3;4;3;3;1;4;"ordonnances travail, réforme ISF et CSG";"réforme chômage, brexit, trump";2;5;2;4;2;2;1;2;1;1;3;1;3;1;1;1;4;7;2;20171114;"222502";268
"u4z58365mv70";70;1;11;;;1;22;1;1;;;3;2;2;1;3;1;4;"Je ne sais pas";"Aucune idée";3;6;5;;2;2;3;2;1;3;3;1;1;1;1;3;7;4;6;20171115;"222933";1276
"u4z98349mv70";70;1;11;;;2;49;3;1;;;4;2;3;2;3;1;4;"macron";"Noel";3;4;2;1;2;1;2;3;1;3;3;1;1;1;1;1;2;7;4;20171116;"123449";271
"g4v92348mv70";70;1;11;;;2;61;4;2;2;6;3;3;3;2;4;1;5;"JE NE SAIS PAS";"JE NE SAIS PAS";2;5;;;2;2;2;2;1;1;1;1;1;1;1;1;6;1;4;20171116;"125301";359
"s4r78363mv70";70;1;11;;;2;45;3;1;;;4;2;3;3;3;1;4;"Affrontements usa Corée";"Les courses de Noël";2;5;4;;2;2;2;2;1;1;2;1;1;1;1;1;8;2;5;20171115;"190122";222
"s4r66366mv70";70;1;11;;;2;55;4;1;;;2;4;3;2;4;1;4;"Airbus décroche la plus importante commande de l’histoire de l’aéronautique: 430 moyen-courriers A320 Neo pour une valeur de 42 milliards d’euros";"SANS AVIS";2;7;;;3;1;1;1;1;1;3;3;3;1;3;3;2;6;4;20171115;"211033";3062
"y4s24389mv70";70;1;11;;;2;40;3;1;;;2;2;4;3;4;1;4;"La peur climatique et la bêtise de Trump ";"Si jing Ping <LF>Trump";2;5;4;2;2;2;2;2;1;1;1;1;1;1;1;1;5;4;2;20171114;"191658";389
"q4m72376mv70";70;1;11;;;2;49;3;2;4;6;5;2;5;4;4;1;4;"abolition ISF";"ne sais pas";2;5;;;1;2;1;2;1;1;2;1;1;1;1;1;6;7;;20171115;"104847";267
"u4z82364mv70";70;1;11;;;1;49;3;2;1;6;2;2;3;2;3;1;5;"Macron<LF>Bill gates";"Macron<LF>Merkel";2;7;;;3;2;1;2;2;1;1;1;1;2;1;1;5;3;4;20171115;"180429";464
"q4j88372mv70";70;1;11;;;1;56;4;1;;;4;4;4;3;3;1;4;"DONALD TRUMP<LF>MACRON";"TRUMP<LF>MACRON";2;5;2;1;2;2;1;2;1;2;1;1;1;1;1;1;3;4;5;20171115;"083827";360
"a4x54375mv70";70;1;11;;;1;49;3;2;4;4;3;2;3;3;3;1;5;"Le terrorisme<LF>Les hommes politiques";"personne";2;4;;;2;2;1;1;3;2;3;1;3;1;1;1;6;4;7;20171115;"172532";350
"m4t66368mv70";70;1;11;;;1;33;2;2;4;4;3;2;3;5;3;1;5;"aucun";"ras";2;5;;;4;1;2;2;3;1;2;1;3;2;1;1;7;2;4;20171115;"200230";207
"c4f56364mv70";70;1;11;;;1;44;3;1;;;3;4;3;3;3;1;4;"Catalogne indépendante ";"Brexit<LF>Baisse taxe habitation ";2;4;2;5;2;2;2;2;1;3;3;1;1;1;1;1;7;4;6;20171115;"230319";296
"e4q74375mv70";70;1;11;;;2;25;1;2;3;6;5;2;4;3;4;1;5;"Ministre de l'économie, pays voisins dont l'Allemagne";"Aucune idée";2;5;;;2;2;2;2;1;1;1;1;1;1;1;1;2;4;7;20171115;"105610";273
"g4v52378mv70";70;1;11;;;2;26;1;2;3;3;2;3;2;3;3;1;5;"nsp";"nsp";2;3;1;6;2;2;2;1;3;1;1;1;3;3;1;3;5;3;7;20171115;"160846";847
"e4n62373mv70";70;1;11;;;1;48;3;1;;;2;5;3;3;3;1;4;"la politique du nouveau gouvernement";"Macron";2;1;5;3;2;2;2;2;3;1;1;1;3;1;1;3;3;;;20171115;"133539";305
"g4y98379mv70";70;1;11;;;2;48;3;1;;;4;3;3;3;4;1;4;"Aucune idee";"Aucune idee";2;4;5;;1;1;2;2;2;2;2;1;1;1;1;3;5;4;6;20171116;"010328";506
"m4w46366mv70";70;1;11;;;2;37;2;2;1;6;4;3;5;4;4;1;3;"ne se prononce pas";"le président";2;4;2;;3;1;1;2;1;2;2;1;2;1;1;2;4;6;7;20171116;"111059";310
"e4n86368mv70";70;1;11;;;1;30;2;2;2;6;2;4;2;3;4;1;5;"La suppression de la taxe d'habitation pour une certaine catégorie de la population";"Emmanuel MACRON et ses décisions";3;1;3;;2;2;2;2;3;1;2;3;3;1;1;1;6;2;5;20171115;"174157";224
"q4j98375mv70";70;1;11;;;1;41;3;2;4;3;2;4;3;2;3;1;5;"Emmanuel macron";"Réforme de la loi travail";2;3;2;1;2;2;1;2;1;1;1;1;2;1;1;1;6;;;20171114;"204026";243
"w4k64365mv70";70;1;11;;;1;36;2;1;;;2;2;2;2;3;1;4;"Macron, la loi travail";"Macron et son gvt";3;4;2;5;2;2;2;2;1;1;1;1;1;3;1;1;8;5;;20171115;"205622";982
"w4h66369mv70";70;1;11;;;1;31;2;1;;;4;3;2;3;3;1;4;"Macron";"Macron";2;3;;;2;2;1;2;2;2;2;1;1;1;1;2;8;5;4;20171115;"193907";316
"y4s62379mv70";70;1;11;;;1;48;3;2;4;6;4;2;3;3;4;1;5;"Donald Trump, Brexit, Corée du Nord";"Donald Trump, Brexit, Corée du Nord";2;7;;;3;2;1;2;2;1;1;1;2;1;1;1;2;8;1;20171115;"114424";438
"e4n88362mv70";70;1;11;;;1;50;4;2;4;5;2;4;2;3;2;1;5;"Macron";"Macron";2;5;;;2;2;2;2;1;2;2;1;1;1;1;1;7;8;6;20171116;"223345";102552
"a4x64378mv70";70;1;11;;;1;55;4;2;4;1;5;1;5;3;4;1;5;"melanchon";"macron";2;1;2;6;1;3;3;2;2;2;2;1;1;2;1;1;4;8;7;20171115;"115658";240
"g4v68364mv70";70;1;11;;;2;47;3;1;;;2;3;3;2;2;1;4;"Emmanuel Macron<LF>Cop23";"Macron";2;7;;;2;2;1;2;1;1;1;3;1;1;1;1;3;;;20171115;"210452";2102
"y4p84362mv70";70;1;11;;;2;35;2;2;1;6;5;2;4;3;3;1;5;"Macron";"Macron";2;5;;;2;2;2;2;1;2;2;2;1;1;1;1;6;7;8;20171115;"181646";562
"g4v78367mv70";70;1;11;;;1;45;3;2;4;6;2;4;2;1;2;1;4;"?";"?";2;4;;;1;1;1;1;1;2;2;1;2;1;1;1;7;4;1;20171115;"182226";273
"s4u82374mv70";70;1;11;;;1;51;4;2;4;3;5;1;3;3;2;1;5;"Moi travail, ouragan, D.Trip et E.Macron";"Accord de la nouvelle alliance européenne ";2;4;5;;1;2;1;2;1;1;2;3;2;1;1;3;7;5;6;20171115;"023427";507
"a4a72377mv70";70;1;11;;;1;26;1;2;2;6;1;1;1;3;2;1;5;"Macron <LF>Brexit<LF>Trump";"Trump <LF>Macron";1;5;1;3;2;1;1;1;2;2;1;3;1;3;3;1;2;4;;20171115;"105942";1116
"y4p64369mv70";70;1;11;;;1;51;4;1;;;3;3;4;3;4;1;4;"Macron";"?";3;4;1;;3;2;3;2;1;1;2;1;2;2;3;1;2;8;1;20171115;"193501";433
"y4s26384mv70";70;1;11;;;1;56;4;2;4;5;2;4;4;2;4;1;5;"Optimisation fiscale des groupes mondiaux";"Macron<LF>Trump";2;5;4;1;2;2;1;2;1;1;1;1;1;1;1;1;2;4;8;20171114;"201909";488
"w4k28384mv70";70;1;11;;;1;29;1;2;4;1;3;3;2;2;2;1;5;"nsp";"nsp";2;2;3;1;1;1;2;2;2;1;2;1;2;2;1;2;7;2;;20171114;"202226";429
"g4y76349mv70";70;1;11;;;1;53;4;1;;;2;3;2;2;3;1;4;"poursuite des attentats malgré le recul de l'état islamique";"Emmanuel Macron";2;7;;;2;2;2;2;1;1;2;1;1;1;1;1;4;2;5;20171116;"165002";203
"u4z88375mv70";70;1;11;;;2;31;2;2;4;6;2;4;3;2;2;1;5;"Macron, airbus, jo";"Macron, jo";1;6;4;;2;2;2;2;2;2;2;1;2;1;1;2;5;7;6;20171114;"231723";252
"m4t78379mv70";70;1;11;;;1;28;1;2;2;3;3;4;2;2;2;1;5;"MACRON - ORDONNANCE - LOI TRAVAIL - TRUMP - ATTENTATS - CHOMAGE";"MACRON - COP 23 - MERKEL - TRUMP - HULLOT ";2;6;2;5;2;2;1;2;1;1;1;1;1;1;1;1;5;4;3;20171115;"095022";2142
"c4f86345mv70";70;1;11;;;1;49;3;1;;;2;3;2;5;4;1;4;"?";"macron";2;3;1;5;3;2;3;2;1;3;2;2;3;3;1;3;8;7;;20171116;"151741";228
"g4y78373mv70";70;1;11;;;1;61;4;2;2;6;5;1;4;4;4;1;5;"le vote des différents budgets à l'assemblée nationale";"la loi de finances pour l'année 2018";3;7;;;3;1;3;2;2;2;2;2;2;2;1;2;3;;;20171115;"111918";406
"a4a88349mv70";70;1;11;;;1;32;2;2;2;1;3;2;3;2;3;1;5;"NSPP";"NSP";1;1;6;;2;2;2;2;2;1;2;1;2;1;1;1;5;4;;20171116;"174430";322
"u4z88346mv70";70;1;11;;;1;53;4;2;4;1;3;4;3;3;3;1;5;"La loi travail (effet négatif). Attributions des JO et coupe du monde de rugby (effets positifs mais à moyen terme, pas à court terme).";"JO et coupe du monde de rugby";2;5;;;2;2;2;1;1;1;2;1;1;1;1;2;4;2;1;20171116;"142912";436
"u4z42365mv70";70;1;11;;;2;41;3;2;4;1;6;6;3;4;4;1;5;"AUCUNE IDEE";"aucune idéé";2;3;1;;2;2;2;2;1;2;2;1;3;3;1;1;8;;;20171116;"120526";2757
"e4n82379mv70";70;1;11;;;1;36;2;2;4;1;4;2;4;3;3;1;5;"Loi Travail";"mondialisation";2;7;;;1;1;2;3;2;2;2;2;2;1;3;2;7;;;20171114;"214246";219
"s4r72366mv70";70;1;11;;;1;34;2;2;2;1;2;4;3;3;4;1;5;"Aucune idée ";"Aucune idée ";2;2;4;;2;2;2;2;2;1;1;3;2;1;1;3;3;6;2;20171115;"184137";853
"m4t82372mv70";70;1;11;;;2;58;4;2;4;1;4;2;4;3;3;1;5;"les attentats malheureusement<LF>melanchon macron";"mondialisaton<LF>macron";2;5;4;;2;2;2;2;1;1;1;1;1;1;1;1;1;5;2;20171115;"085118";225
"a4x64364mv70";70;1;11;;;2;39;2;1;;;6;6;3;3;4;1;4;"???";"???";2;7;;;1;2;2;2;2;2;2;1;2;1;3;2;1;;;20171115;"203651";339
"m4t76372mv70";70;1;11;;;1;27;1;1;;;3;2;3;3;3;1;4;"taxes et impôts";"neant";2;5;4;2;2;2;2;2;2;1;2;1;1;1;1;2;7;6;1;20171115;"113728";318
"s4r28389mv70";70;1;11;;;2;51;4;1;;;4;2;4;3;4;1;4;"presidence macron<LF>brexit";"aucune idée";2;4;3;1;2;2;2;2;1;2;2;1;1;1;1;3;3;;;20171114;"191024";222
"e4q78364mv70";70;1;11;;;1;38;2;2;2;6;2;4;1;2;2;1;5;"Emmanuel Macron<LF>Les bons chiffres de la croissance française et européenne";"Emmanuel Macron";2;7;;;2;2;2;2;1;1;1;1;1;1;1;1;1;2;6;20171115;"190104";382
"g4v76345mv70";70;1;11;;;2;48;3;1;;;4;3;4;3;3;1;4;"Les mesures de Monsieur MACRON sur la loi travail, sur les mesures sociales";"aucune idée";2;5;1;3;2;2;1;2;3;1;1;1;1;1;1;1;4;6;7;20171116;"193406";305
"e4n76365mv70";70;1;11;;;1;54;4;1;;;2;3;3;3;4;1;5;"toujours plus de taxes";"aucun";2;7;;;3;2;1;2;2;2;3;1;3;3;1;1;5;8;4;20171115;"183905";260
"y4s92375mv70";70;1;11;;;2;43;3;2;4;4;3;1;3;3;2;1;5;"la loi travail";"Emmanuel Macron ";2;5;4;6;2;2;2;2;2;3;1;3;2;1;1;1;7;6;8;20171114;"205034";683
"g4y72346mv70";70;1;11;;;1;29;1;2;4;6;2;4;2;2;2;1;5;"- Emmanuel Macron qui engage une pensée positive dans l'économie.";"Emmanuel Macron, le comportement des Etats-Unis et de la Corée du nord. Le développement des monnaies virtuelles";1;4;6;1;2;2;2;2;1;1;2;1;1;2;2;1;4;2;1;20171116;"190820";372
"a4x88344mv70";70;1;11;;;2;41;3;1;;;4;2;3;3;3;1;4;"la réduction des subventions des dotations et des aides";"aucune idée";2;6;1;4;3;2;2;2;2;2;2;1;1;1;1;1;6;7;4;20171116;"152047";391
"m4t68362mv70";70;1;11;;;1;46;3;1;;;2;4;2;2;4;1;4;"Macron";"Macron";2;4;5;;2;2;2;2;1;1;2;1;2;1;1;3;1;4;6;20171115;"204536";303
"a4a74343mv70";70;1;11;;;2;36;2;2;4;3;4;4;3;3;3;1;5;"Trip marron le beurrr";"Coupe d Europe<LF>Jo<LF>Trump brexit";2;3;1;;3;1;2;2;1;3;3;1;3;1;1;1;7;8;;20171116;"200451";337
"a4a56374mv70";70;1;11;;;2;52;4;2;4;6;2;2;2;2;2;1;5;"Attentats en France<LF>Elections américaines<LF>Elections françaises<LF>Barak Obama<LF>Emmanuel Macron";"Emmanuel Macron<LF>GDPR";2;6;5;;2;2;1;2;1;1;2;2;2;1;1;1;6;8;;20171115;"172725";306
"e4q84349mv70";70;1;11;;;2;40;3;2;4;5;3;3;2;2;5;1;5;"macron<LF>paradise papers<LF>lidl";"macron<LF>cop23";2;1;3;2;2;2;2;2;1;1;2;1;1;1;1;1;4;8;1;20171116;"134558";227
"y4s68363mv70";70;1;11;;;1;29;1;1;;;2;4;1;1;2;1;4;"Emmanuel Macron<LF>Donald Trump<LF>Angela Merkel<LF>Pierre Gattaz";"En terme d'événement, les fêtes de fin d'année seront un bon moment pour l'économie, mais pas exceptionnel. Pour les personnalités, je pense que ce sera classique, principalement les chefs d'état, d'entreprise et inistres";2;4;1;3;2;2;2;2;1;1;2;1;1;1;1;1;6;4;5;20171115;"205116";778
"y4s66368mv70";70;1;11;;;2;56;4;1;;;4;3;2;2;4;1;4;"je ne sais pas.";"Je ne sais pas.";2;7;;;1;2;3;2;2;1;1;1;2;1;1;1;7;3;2;20171115;"202201";2089
"e4q62363mv70";70;1;11;;;2;46;3;2;4;5;2;3;2;4;3;1;5;"macron flat taxe prelevement à la source";"bce";2;7;;;2;2;2;2;1;1;1;2;1;1;1;1;4;;;20171115;"204822";757
"c4f32383mv70";70;1;11;;;2;33;2;1;;;3;6;3;2;2;1;4;"Macron";"?";3;8;;;2;2;2;2;3;3;2;1;3;1;1;3;6;3;4;20171114;"190518";238
"y4s68377mv70";70;1;11;;;2;25;1;1;;;3;3;3;4;3;1;5;"MACRON";"MACRON";1;1;4;3;1;2;1;1;1;1;1;1;1;1;1;1;3;;;20171115;"120416";199
"m4t52376mv70";70;1;11;;;1;39;2;2;2;6;3;3;2;2;2;1;5;"Taxe pour rembourser les 10 milliards";"Aucune idée";1;4;2;1;2;2;1;2;1;2;2;1;2;1;1;1;4;;;20171116;"142834";76340
"u4z82349mv70";70;1;11;;;1;50;4;2;2;6;4;2;4;3;3;1;5;"?";"?";3;4;;;3;1;3;2;2;2;2;2;2;2;1;2;1;7;;20171116;"134709";317
"e4n88376mv70";70;1;11;;;1;52;4;1;;;4;2;4;3;3;1;4;"Loi travail<LF>Macron<LF>Gattaz";"Attaques contre les salariés<LF>Gattaz<LF>Macron<LF>Philippe";2;4;;;1;2;2;2;2;1;1;3;1;3;1;1;5;3;2;20171114;"225259";427
"q4j46365mv70";70;1;11;;;1;29;1;2;3;1;2;2;2;2;1;1;5;"Macron";"Na";2;5;2;;2;2;1;1;3;3;2;1;1;2;2;1;6;;;20171116;"121950";248
"y4p88364mv70";70;1;11;;;2;47;3;2;4;6;6;4;4;2;5;1;5;"macron trump indépendance de la catalogne, le négociation du brexit";"macron, le brexit, l'Espagne, la Catalogne et la délocalisation des entreprises, delocalisation de castorama et brico depot en Pologne";2;5;4;3;3;2;1;1;1;3;2;1;3;1;1;1;2;4;6;20171115;"181111";1182
"u4z52368mv70";70;1;11;;;2;60;4;1;;;2;4;3;2;3;1;4;"Emmanuel Macron Christine Lagarde";"je ne sais pas";2;4;5;1;1;1;2;2;2;1;2;1;2;1;1;2;6;;;20171115;"211849";315
"q4m54378mv70";70;1;11;;;1;29;1;2;4;1;2;4;2;2;2;1;5;"Paradise Papers";"Suppression de l'ISF";2;2;4;5;2;2;2;2;1;1;1;1;2;1;2;1;2;6;4;20171115;"155041";220
"g4y74369mv70";70;1;11;;;1;47;3;2;4;5;3;4;2;2;2;1;5;"Donald TRUMP ET NICOLAS SARKOZY";"Le prélèvement à la source des impôts sur le revenu";2;1;2;;2;2;1;2;1;1;1;1;1;1;1;1;4;6;2;20171115;"181644";413
"e4q84378mv70";70;1;11;;;1;37;2;2;4;1;3;4;3;2;3;1;4;"Macron";"Macron";2;7;;;3;2;1;2;1;1;1;1;2;1;2;1;5;4;;20171114;"220842";413
"u4c26352mv70";70;1;11;;;1;38;2;2;1;1;3;2;3;2;3;1;5;"personne";"personne";3;1;;;1;1;2;2;2;2;2;1;2;1;1;2;6;;;20171116;"123132";210
"w4k86366mv70";70;1;11;;;1;30;2;1;;;3;4;2;3;3;1;4;"Xavier Niel, Elon Musk, Emmanuel Macron";"Xi Jinping, Narendra Modi";2;4;2;1;3;1;2;2;2;2;2;1;2;2;1;1;6;8;4;20171115;"175025";347
"g4v82345mv70";70;1;11;;;2;56;4;2;3;4;3;4;3;3;3;1;5;"La baisse du chômage et l'annonce de la suppression de la taxe d'habitation";"la baisse de la taxe d'habitation";2;5;4;;3;2;1;2;2;2;2;1;2;1;1;1;4;7;6;20171116;"150904";258
"m4t74348mv70";70;1;11;;;2;60;4;1;;;5;3;3;3;3;1;4;"Je ne sais pas";"Je ne sais pas";2;4;5;;2;2;3;3;1;3;3;1;3;1;1;3;6;7;5;20171116;"183644";284
"s4r56377mv70";70;1;11;;;1;58;4;1;;;2;4;3;2;5;1;4;"Le Harcèlement<LF>Les paradis papers";"Le président de la république M. MACRON<LF>Le 1° Ministre M. PHILIPPE";2;3;1;6;2;2;2;2;1;1;1;1;1;1;1;3;4;2;3;20171115;"170629";412
"m4w76347mv70";70;1;11;;;2;33;2;1;;;3;3;3;2;3;1;4;"macron";"aucune idée";2;2;5;4;2;2;2;2;1;1;3;1;1;1;1;1;4;6;3;20171116;"190001";289
"u4c56362mv70";70;1;11;;;1;37;2;2;1;5;2;4;2;3;2;1;5;"L'arrivée de MACRON";"MACRON si il &quot<SEP>libère&quot<SEP> le pays";2;2;5;4;3;2;2;2;1;1;1;1;1;1;1;1;1;8;2;20171116;"084953";1064
"u4z72375mv70";70;1;11;;;1;45;3;1;;;3;4;2;2;3;1;4;"La loi travail";"La COP23";2;5;4;;2;1;2;2;1;1;2;1;1;1;1;1;1;8;6;20171115;"113657";2668
"u4c66379mv70";70;1;11;;;2;57;4;1;;;5;2;5;4;4;1;4;"En bien ou en mal ?<LF>Hollande Sarkozy DSK<LF>La sortie du Brexit<LF>Les attentats terroristes";"en bien ou en mal ?<LF>Macron Hulot, le Brexit<LF>Les attentats";2;4;5;;2;2;2;2;2;1;1;1;1;1;1;1;3;;;20171115;"115018";320
"g4y48363mv70";70;1;11;;;2;56;4;2;4;6;3;3;4;2;4;1;5;"Patrick Drahi  Glysophate de Monsanto General Elec tric";"Code du travail en refection et ses implications";2;3;5;2;2;1;2;2;3;1;2;1;1;1;1;1;4;2;6;20171116;"165258";378
"q4j74366mv70";70;1;11;;;1;39;2;2;1;1;3;3;5;2;2;1;5;"La réforme du travaux par Emanuel Macron";"Le président et ses réformes ainsi que les differentes réactions des grands groupe industriels";2;4;6;;1;2;1;2;2;2;2;1;1;1;1;1;6;5;8;20171115;"185704";1517
"y4s78366mv70";70;1;11;;;1;38;2;1;;;5;4;3;3;3;1;4;"NSP";"NSP";2;7;;;3;2;2;2;2;2;2;1;1;1;1;3;6;;;20171115;"184013";356
"q4j64363mv70";70;1;11;;;1;40;3;2;4;6;3;4;3;1;3;1;4;"baisse de l'allocation logement";"aucune idée";2;2;4;;2;2;3;2;2;1;1;1;1;1;3;3;5;;;20171115;"204048";233
"a4a76366mv70";70;1;11;;;1;59;4;1;;;3;4;3;4;4;1;4;"??????";"?????";3;8;;;2;2;3;2;2;2;2;1;2;1;1;2;4;;;20171115;"183455";426
"m4w58378mv70";70;1;11;;;1;38;2;1;;;3;4;3;2;3;1;4;"drahi";"ne sais pas";3;2;4;;2;2;2;3;3;1;3;3;3;1;1;3;2;7;6;20171115;"161128";297
"u4c78348mv70";70;1;11;;;2;37;2;2;1;6;4;2;3;2;3;1;5;"Murielle Pénicaud et Emmanuel Macron qui ont marqué l’econ Mais pas positivement ";"Hélas Emmanuel Macron mais pas positivement ";2;5;2;4;2;2;2;2;1;1;1;1;1;1;1;1;3;5;4;20171116;"183956";431
"s4r32382mv70";70;1;11;;;1;61;4;2;2;5;3;4;2;2;3;1;5;"Macron, Brexit";"Macron, Brexit";1;4;3;1;2;2;1;1;1;1;2;1;1;1;1;2;4;7;;20171114;"191119";510
"w4k82363mv70";70;1;11;;;1;60;4;2;4;5;2;4;2;2;2;1;5;"L’election Présidentielle.<LF>Emmanuel Macron.";"L’evolution de la construction européenne par le couple Franco-allemand, et le Brexit.";2;5;1;;2;2;1;1;1;2;2;1;2;1;1;1;6;4;7;20171115;"180621";379
"w4h54372mv70";70;1;11;;;1;42;3;1;;;2;4;3;2;3;1;4;"le président macron<LF>la baisse du nombre chomeurs<LF>la hausse annoncée de la CSG";"la hausse annoncée de la CSG<LF>la coupe du monde de foot";2;6;1;2;2;2;3;1;1;1;2;1;2;1;2;1;6;;;20171115;"173705";224
"a4a64368mv70";70;1;11;;;2;27;1;2;1;6;6;6;3;2;2;1;3;"aucune idée";"aucune idée non plus";2;3;1;2;2;2;2;2;3;1;1;1;1;1;1;1;5;1;4;20171115;"194346";320
"q4j22384mv70";70;1;11;;;1;45;3;2;1;6;3;3;3;2;3;1;4;"aucune idée";"la hausse des salaires !";2;1;3;;2;2;2;3;1;1;1;1;1;1;1;1;7;3;2;20171114;"201455";234
"m4w74367mv70";70;1;11;;;1;60;4;2;4;1;2;4;4;1;4;1;5;"La loi Travail";"Gérald Darmanin";2;7;;;1;1;3;2;2;2;2;1;2;2;2;2;4;;;20171115;"182524";441
"w4k24352mv70";70;1;11;;;1;63;4;1;;;3;3;3;2;2;1;4;"macron trump";"macron trump";3;4;5;1;2;2;1;2;1;1;3;1;1;1;1;1;8;5;4;20171116;"125420";761
"s4u88372mv70";70;1;11;;;2;43;3;2;4;6;5;1;5;4;4;1;5;"Le problème de l'économie en France et en Europe ne se résume pas aux deux derniers mois...";"mêmes réponses que précedements";3;3;1;6;3;2;2;2;2;2;3;3;3;1;3;3;5;6;7;20171115;"092139";612
"u4c36384mv70";70;1;11;;;1;45;3;2;2;6;3;2;2;3;3;1;5;"Emmanuel Macron";"Le prélèvement de l'impôt à la source";2;4;2;;1;1;1;2;1;2;2;3;2;1;1;3;6;1;7;20171114;"185815";404
"a4x46366mv70";70;1;11;;;1;39;2;1;;;3;3;3;3;3;1;4;"Macron, loi travail";"NSP";2;4;2;5;2;2;2;2;1;1;1;1;1;1;1;1;6;3;1;20171116;"111009";238
"e4n82365mv70";70;1;11;;;2;27;1;1;;;3;4;2;3;3;1;4;"Rien dans les deux derniers mois ";"La situation entre la Corée et les États Unis. <LF>L'indépendance ou non de la Catalogne ";2;4;5;1;2;2;2;2;3;3;3;3;3;1;1;1;7;8;;20171115;"180043";843
"e4q96347mv70";70;1;11;;;2;55;4;2;1;2;5;2;4;4;4;1;5;"le ministre du travail";"aucune idée";2;4;;;3;1;2;2;2;2;2;3;2;3;3;3;1;;;20171116;"125722";226
"q4j88343mv70";70;1;11;;;2;43;3;2;4;3;3;4;4;3;2;1;5;"rien";"rien";2;5;3;4;2;2;2;2;1;1;1;1;1;1;1;1;6;;;20171116;"153155";262
"q4m94377mv70";70;1;11;;;2;56;4;1;;;2;3;3;1;3;1;4;"la loi travail <LF>Emmanuel Macron ";"Emmanuel Macron <LF>Donald Trump";2;2;4;5;2;2;1;1;1;1;3;1;1;1;1;1;4;3;2;20171116;"070255";247
"m4w22385mv70";70;1;11;;;2;33;2;2;4;1;2;3;2;3;3;1;5;"Les &quot<SEP>actions&quot<SEP> de Nicolas Hulot, et les directives de Macron<LF>le terrorisme";"la ryder cup (un peu) et les jeux olympiques";1;1;3;2;2;2;1;2;2;2;2;2;2;2;2;2;4;5;;20171114;"200041";273
"m4t52362mv70";70;1;11;;;2;38;2;2;2;6;3;3;3;3;4;1;4;"je ne sais pas";"je ne sais pas";2;2;1;4;3;2;2;1;1;2;3;1;2;1;1;1;5;6;7;20171116;"140708";331
"y4p42368mv70";70;1;11;;;1;32;2;1;;;2;2;2;2;2;1;4;"marine le pen";"rien";3;7;;;3;3;2;2;2;2;2;1;2;2;3;1;4;;;20171116;"100934";1745
"q4m28386mv70";70;1;11;;;1;49;3;2;4;6;4;3;2;3;2;1;5;"macron trump";"...";3;4;;;3;2;2;1;2;2;2;1;2;1;1;3;4;7;6;20171114;"195012";211
"m4w88345mv70";70;1;11;;;1;62;4;1;;;3;4;4;2;4;1;4;"ordonances travail";"brexit";2;6;5;4;2;2;3;2;1;1;3;1;1;1;1;1;7;4;2;20171116;"151553";414
"q4m72362mv70";70;1;11;;;2;55;4;2;1;6;2;4;3;2;3;1;3;"taxe entreprises indûment collectée par l'état";"macron";2;4;3;2;1;2;2;2;1;2;2;3;1;1;1;1;6;;;20171115;"191949";511
"u4z68368mv70";70;1;11;;;1;41;3;1;;;3;4;2;2;3;1;4;"la crise en Espagne";"la crise en Espagne";3;2;4;3;3;1;2;1;2;2;2;2;2;2;1;2;5;;;20171115;"194059";239
"e4n88347mv70";70;1;11;;;2;44;3;2;1;6;4;3;3;2;3;1;5;"ATTENTATS QUI SE PERPETUENT - ELIMINATION ITALIE COUPE DU MONDE - MESURES SOCIALES ET GRECE ET A PRESENT INNONDATIONS - COMMANDES AIRBUS - PROBLEMES ENTRE ETAT ESPAGNOL ET LES INDEPENDENTISTES PRO CATALOGNE - DEPART EN BELGIQUE DU CHEF DE LA CATALOGNE - TREMBLEMENT DE TERRE AYANT ENTRAINE DE NOMBREUX DECES - VENEZUELA EN SITUATION ECONOMIQUE CRITIQUE - FRANCE SELECTIONNEE POUR CHAMPIONNATS DU MONDE - TEDDY RINER A NOUVEAU CHAMPION DU MONDE...";"L'AMERIQUE AVEC TRUMP ET LA COREE DU NORD FONT PEUR ";2;4;6;5;1;1;1;2;2;2;1;3;3;2;1;1;3;7;8;20171116;"143425";2256
"a4x76362mv70";70;1;11;;;1;26;1;1;;;5;2;4;3;2;1;4;"je ne sais pas";"le sport";2;1;;;2;2;1;2;2;2;2;1;1;2;1;1;5;;;20171115;"200331";2628
"w4h22382mv70";70;1;11;;;1;58;4;2;2;1;4;3;4;3;3;1;5;"aucune en particulier";"auncune";2;4;;;1;2;2;2;1;2;2;1;2;1;1;1;6;4;8;20171115;"235117";230
"s4u98375mv70";70;1;11;;;1;46;3;2;4;5;2;4;3;2;3;1;5;"reforme du code du travail ";"??";2;4;3;1;2;2;2;2;1;1;1;1;3;1;1;3;1;4;5;20171114;"205929";409
"m4t44367mv70";70;1;11;;;1;48;3;2;2;1;3;3;2;3;1;1;5;"aucun";"aucune";2;7;;;1;1;1;2;2;2;2;2;2;2;2;1;4;;;20171116;"103406";252
"c4f74362mv70";70;1;11;;;2;53;4;1;;;4;2;4;2;4;1;4;"Trump avec les suppressions des decisions d'Obama p.ex. Obama Care";"les lois de Macron";2;7;;;3;2;1;2;2;2;2;2;2;2;1;3;7;;;20171115;"192828";657
"g4y82378mv70";70;1;11;;;2;30;2;2;1;6;4;1;4;4;3;1;5;"Aucun malheureusement";"Emmanuel Macron";2;3;;;3;2;1;2;2;2;2;3;3;1;1;3;6;;;20171114;"220206";413
"m4t46376mv70";70;1;11;;;2;57;4;1;;;5;1;4;3;3;1;4;"Remontée du taux de chômage - augmentation CSG des retraites ";"Je ne suis pas d'âme soleil je ne voies pas d embellie pour les mois à venir";2;6;4;5;3;2;2;2;2;3;2;3;1;1;1;2;7;5;6;20171116;"223111";677
"g4v22383mv70";70;1;11;;;1;39;2;2;4;1;3;4;3;2;3;1;5;"Macron";"Trump";2;2;;;2;2;1;2;1;1;1;2;2;1;1;1;8;;;20171114;"202823";216
"g4y64366mv70";70;1;11;;;1;46;3;1;;;2;3;2;3;3;1;4;"Mario Draghi";"Trump    Brexit";2;5;4;;2;2;1;2;1;1;1;1;1;1;1;1;7;4;2;20171115;"202328";273
"y4s74348mv70";70;1;11;;;2;25;1;2;1;6;3;4;3;1;2;1;5;"trump<LF>suite du brexit";"macron et le brexit";2;5;4;;2;2;2;2;1;1;1;1;1;1;1;1;6;4;7;20171116;"174034";216
"c4f62349mv70";70;1;11;;;2;53;4;1;;;5;4;4;4;4;1;4;"Amanecio Ortega et  l’expansion d’Inditex";"L’Europe ";2;1;;;3;3;2;3;1;1;1;2;2;1;1;1;8;2;3;20171116;"204708";346
"w4k88375mv70";70;1;11;;;2;39;2;2;1;3;2;2;4;2;3;1;5;"Attentats, pollutions, kim jong un, trump";"Fetes de fin d'années, Catalogne ";2;4;2;6;1;1;2;2;1;3;3;3;1;2;1;1;4;5;7;20171114;"235234";395
"c4f68375mv70";70;1;11;;;1;57;4;1;;;4;3;4;3;3;1;4;"Donald Trump";"Donald Trump<LF>Brexit";2;5;1;2;2;2;2;2;1;1;1;1;1;1;1;1;7;1;4;20171115;"121448";277
"w4k22386mv70";70;1;11;;;1;34;2;2;4;1;3;3;2;2;3;1;5;"NSP";"NSP";2;3;2;4;2;2;1;2;2;2;1;1;3;2;1;3;3;;;20171114;"193753";236
"a4a78346mv70";70;1;11;;;2;56;4;2;4;6;4;3;3;3;4;1;5;"reforme du code du travail,les travailleurs détachés, emmanuel macron,muriel penicaud ";"la consommation des français,la reforme de la fiscalité, les auto entrepreneurs";2;5;4;;2;2;2;2;1;1;1;1;1;1;1;3;4;2;1;20171116;"192001";946
"w4k68368mv70";70;1;11;;;1;40;3;2;4;6;3;3;4;3;3;1;5;"Winstein";"Les impôts ";2;1;4;3;1;2;2;2;1;2;2;1;2;1;1;1;8;6;4;20171115;"200341";699
"q4j98346mv70";70;1;11;;;1;39;2;2;1;6;5;1;5;4;4;1;5;"Loi travail macron";"Loi travail macron";2;5;4;;1;1;2;2;2;1;1;1;2;1;1;1;6;3;2;20171116;"130219";390
"a4a72348mv70";70;1;11;;;1;56;4;1;;;3;2;2;2;3;1;4;"les élections présidentielles";"les manifestations publiques";2;1;4;5;3;2;1;2;3;2;2;1;2;1;3;1;4;1;3;20171116;"173546";288
"y4s98344mv70";70;1;11;;;1;42;3;1;;;3;4;3;2;3;1;5;"la loi travail";"le Brexit";2;4;;;2;2;2;2;1;1;3;1;1;1;1;1;1;4;6;20171116;"132304";358
"e4n78373mv70";70;1;11;;;1;49;3;2;3;5;2;4;2;3;4;1;5;"augmentation acompte IS pour financer le remboursement de la taxe sur les dividendes";"je ne sais pas";2;4;2;;1;2;1;2;1;1;1;3;2;2;1;3;3;2;1;20171115;"110401";254
"y4p94379mv70";70;1;11;;;1;39;2;1;;;2;3;3;2;2;1;4;"- politique de Trump<LF>- annonces liées au Brexit<LF>- désignation nouveau président FED<LF>- nouvelle loi travail";"- politique de Macron et Edouard Philippe<LF>- nouvelles dispositions fiscales françaises";2;3;1;4;2;2;2;2;1;1;2;2;2;1;2;1;4;6;1;20171116;"010111";631
"w4k78372mv70";70;1;11;;;1;48;3;2;2;3;4;1;3;2;3;1;3;"macron wenstein";"macron";2;5;6;1;2;1;2;2;2;2;2;1;1;1;1;2;5;2;;20171115;"113051";417
"w4h94342mv70";70;1;11;;;1;39;2;2;4;4;3;2;4;3;3;1;5;"pffff les politoquos.. servent à rien";"tous à mettre en taule !";2;1;4;3;2;1;2;2;2;3;1;1;1;1;1;1;7;4;3;20171116;"133703";210
"a4a54365mv70";70;1;11;;;2;26;1;1;;;3;3;2;5;3;1;4;"je ne sais pas ";"aucun";2;5;6;4;3;2;1;2;1;1;1;1;1;1;1;1;4;7;8;20171115;"221330";219
"q4m82365mv70";70;1;11;;;1;59;4;2;1;6;1;4;3;3;4;1;5;"ordonnances Macron";"ordonnances Macron";2;2;1;4;2;2;1;1;1;1;1;1;1;1;1;1;4;5;2;20171115;"175033";249
"q4j38384mv70";70;1;11;;;2;45;3;2;2;6;2;4;3;2;3;1;4;"Macron";"Macron";2;3;2;1;2;2;1;2;2;1;2;1;1;1;1;1;7;4;;20171114;"183721";239
"w4h92347mv70";70;1;11;;;1;40;3;1;;;3;3;3;3;4;1;4;"nouvelle ordonnance sur le code du travail";"réforme sur la formation continue et l'apprentissage";2;2;;;2;2;1;2;1;2;2;1;2;1;1;1;4;;;20171116;"130750";726
"a4a24384mv70";70;1;11;;;2;39;2;2;4;3;4;3;3;2;3;1;5;"Cop23";"Macron ";1;4;3;;2;1;2;2;1;1;3;3;1;1;1;1;6;;;20171114;"201234";216
"e4n96343mv70";70;1;11;;;2;48;3;2;4;6;2;4;3;2;1;1;5;"Taux de chômage en baisse";"Bruno Le Maire + Emmanuel Macron";1;1;;;2;2;1;1;1;2;2;1;1;1;1;1;4;7;6;20171116;"133226";443
"q4m88377mv70";70;1;11;;;1;38;2;1;;;2;3;1;1;3;1;4;"nsp";"la coupe du monde en russie";3;4;1;3;2;2;2;2;2;2;2;1;2;1;3;3;4;6;;20171114;"223706";352
"m4w86379mv70";70;1;11;;;1;55;4;1;;;4;4;4;3;3;1;5;"je sais pas";"je ne sais ps";2;4;;;3;1;2;2;2;1;3;1;3;1;1;1;2;7;6;20171114;"214927";333
"m4t82343mv70";70;1;11;;;1;51;4;2;2;3;4;3;4;2;3;1;5;"présidentielles et E Macron";"les attentas et les guerres";2;3;1;4;2;2;2;2;1;1;1;1;1;1;1;1;5;4;8;20171116;"155435";439
"w4h72369mv70";70;1;11;;;1;25;1;2;1;5;2;4;2;2;3;1;5;"Événements : la crise du Golfe, Halloween, les mesures du quinquennat Hollande.<LF>Personnalités : Emmanuel Macron, Angela Merkel, Donald Trump, Xi Jingping.";"Événements : les fêtes de fin d'année et du nouvel an chinois, le dénouement de la guerre en Irak & en Syrie, l'évolution de la crise du Golfe, les décisions de la COP23, les préparatifs du mondial 2018.<LF>Personnalités : les mêmes.";2;5;3;2;2;2;2;1;2;1;1;1;1;1;1;1;4;3;;20171115;"182959";1101
"g4v98345mv70";70;1;11;;;2;31;2;2;2;1;3;3;4;4;4;1;5;"macron";"macron";3;4;2;;3;3;2;1;2;2;3;1;2;1;1;3;4;6;7;20171116;"131036";269
"m4w92379mv70";70;1;11;;;2;38;2;1;;;2;4;3;2;3;1;4;"Les JO de Paris en 2024, Emmanuel Macron, ";"Macron, Trump";2;4;3;2;2;2;2;2;1;3;3;1;1;1;1;1;7;8;6;20171116;"001425";225
"m4t86346mv70";70;1;11;;;2;53;4;2;4;1;2;4;3;2;2;1;5;"macron et Philippe    ";"ne sais pas";2;4;5;;2;2;2;2;1;1;1;1;1;1;1;1;3;1;7;20171116;"145414";527
"s4r24387mv70";70;1;11;;;2;42;3;2;3;6;4;1;2;2;3;1;5;"Président  macron";"Macron";3;5;6;4;2;3;2;2;2;1;2;1;2;1;1;3;6;7;;20171114;"194830";1075
"m4w42363mv70";70;1;11;;;1;27;1;2;2;2;2;1;5;2;5;1;3;"Pravin Jugnauth";"Bobb";2;1;;;1;2;1;1;2;2;1;1;1;1;1;2;3;;;20171116;"122427";296
"y4p54366mv70";70;1;11;;;1;59;4;2;4;1;3;3;3;3;3;1;5;"paradise papers";"Brexit";2;5;;;2;2;2;2;1;1;2;1;1;1;1;1;6;;;20171115;"215755";224
"s4r62348mv70";70;1;11;;;2;56;4;1;;;2;4;2;2;3;1;4;"Macron et les JO à Paris ";"Gérard collomd etlasecurite";2;1;3;4;2;2;2;2;1;1;1;1;1;1;1;1;4;2;7;20171116;"211008";664
"c4f92374mv70";70;1;11;;;2;38;2;2;3;6;5;1;5;3;3;1;5;"Fluctuation du cours du Bitcoin<LF>Ingérence des Etats Unis au Vénézuela<LF>Brexit<LF>Macron et les cadeaux aux riches, accentuant la pauvreté en France, et ainsi diminuant la consommation et donc le PIB...";"Evolution de l'AI<LF>Gouvernement Allemand et sa politique en Europe<LF>Déstabilisation des états par une immigration massive";2;2;4;5;2;2;2;2;1;1;2;1;1;1;1;1;7;4;8;20171114;"210441";559
"c4f58372mv70";70;1;11;;;1;40;3;2;4;6;2;4;3;3;3;1;5;"Brexit, E. Macron, ISF.";"Brexit, Trump et Macron et la réforme de la fiscalité ";2;4;2;5;3;2;1;1;1;1;2;2;2;1;1;2;2;6;7;20171115;"173443";444
"s4u44369mv70";70;1;11;;;2;61;4;2;2;6;3;3;4;3;3;1;5;"impot sur la fortune";"E.MACRON";2;5;4;;1;2;2;2;1;2;2;1;2;1;1;1;6;7;;20171116;"084116";233
"s4u58362mv70";70;1;11;;;1;27;1;1;;;2;4;2;4;2;1;4;"Baisse des APL, prélèvement à la source, ";"Ne sais pas";2;7;;;2;2;2;2;1;2;2;1;1;1;1;3;6;7;4;20171116;"141226";413
"s4u94372mv70";70;1;11;;;1;33;2;2;3;1;2;4;2;3;2;1;5;"MACRON";"MACRON";1;4;3;1;2;2;2;2;1;1;1;1;1;1;1;1;4;2;3;20171114;"213951";1128
"q4j58362mv70";70;1;11;;;2;64;4;1;;;4;2;3;2;3;1;4;"le brexit";"macron";2;5;6;;3;2;2;2;1;1;1;1;1;1;1;1;7;2;6;20171116;"075824";286
"y4p96345mv70";70;1;11;;;2;52;4;2;4;1;2;4;4;3;3;1;5;"Macron ";"Macron ";2;1;;;1;1;1;2;1;1;2;1;2;1;1;1;8;4;;20171116;"131800";238
"g4v26386mv70";70;1;11;;;1;48;3;1;;;3;2;4;4;4;1;4;"Rien";"Pollution de l'environnement";2;4;2;;2;1;2;2;1;2;1;1;2;1;1;1;1;7;3;20171114;"195412";270
"e4q92373mv70";70;1;11;;;1;45;3;1;;;5;2;3;5;3;1;4;"paradise papers";"rien ni personne qui améliorera les choses";2;6;5;;2;2;2;2;1;1;1;1;1;1;1;1;3;;;20171114;"210933";225
"m4t24389mv70";70;1;11;;;1;32;2;2;3;6;2;3;5;4;2;1;5;"CSG, TABAC, PRÉLÈVEMENT À LA SOURCE";"notre cher président";2;7;;;1;2;2;2;2;1;1;1;1;2;1;1;4;2;;20171114;"191602";249
"y4p84347mv70";70;1;11;;;1;62;4;1;;;2;2;4;3;3;1;4;"Macron";"Macron";2;4;5;;2;1;2;2;1;2;2;2;2;1;1;2;2;3;6;20171116;"141917";630
"w4k94346mv70";70;1;11;;;1;51;4;2;4;4;5;1;4;3;4;1;5;"Rien";"OMC";2;4;5;;2;2;1;2;1;1;1;2;1;1;1;1;7;5;8;20171116;"130408";329
"g4y52368mv70";70;1;11;;;1;29;1;2;4;1;3;3;2;3;2;1;5;"Macron, la tension USA/ Corée du nord";"Le brexit";2;7;;;2;1;1;2;1;1;2;1;2;2;1;1;1;;;20171115;"211747";314
"a4x62369mv70";70;1;11;;;2;42;3;2;4;1;4;2;4;3;3;1;5;"Je ne sais pas";"Je ne sais pas";3;8;;;4;3;2;2;3;3;3;3;3;3;3;3;2;;;20171115;"192538";231
"y4p72349mv70";70;1;11;;;1;40;3;2;2;1;4;3;3;2;2;1;5;"aucune idée";"aucune idée";2;7;;;3;2;3;2;1;2;2;2;2;1;1;1;6;7;8;20171116;"164109";313
"w4k26389mv70";70;1;11;;;1;39;2;2;1;3;3;4;2;3;3;1;5;"Theresa May, Emmanuel Macron";"Trump";2;1;2;;2;2;2;2;1;1;2;1;1;1;1;1;4;1;2;20171114;"191713";389
"c4f74376mv70";70;1;11;;;2;63;4;2;1;5;4;3;4;3;4;1;5;"Emmanuel Macron resiste pour la mise en place de reformes<LF>Donald Trump et Pekin";"nsp";2;1;2;4;2;2;2;2;1;1;2;1;1;1;1;3;6;4;1;20171115;"105728";718
"m4w82362mv70";70;1;11;;;2;46;3;1;;;1;4;3;3;3;1;4;"la loi travail et le président Emmanuel Macron";"la loi travail, la formation et le président Emmanuel Macron";1;1;5;4;1;2;2;2;1;3;2;1;2;1;1;3;4;6;;20171115;"181045";329
"s4r92344mv70";70;1;11;;;2;52;4;1;;;3;2;2;2;3;1;4;"macron";"macron";2;4;1;5;2;2;1;1;1;2;2;1;1;1;1;2;5;;;20171116;"131900";209
"a4a74372mv70";70;1;11;;;1;44;3;2;4;6;3;3;2;4;4;1;5;"Trump et la Corée du Nord ";"Corée du Nord ";1;4;;;2;2;2;2;1;1;1;1;1;1;1;1;2;1;3;20171115;"112127";319
"g4v68378mv70";70;1;11;;;1;48;3;1;;;4;4;4;2;4;1;4;"Macron loi de finance";"Macron ";2;4;2;;2;2;2;1;2;1;2;1;2;1;1;1;7;4;2;20171115;"115309";391
"a4a88364mv70";70;1;11;;;2;44;3;2;1;6;3;2;4;2;4;1;3;"Aucun";"Aucun";2;5;4;;2;2;1;2;1;1;3;1;3;1;1;3;3;4;2;20171115;"180427";362
"y4s82372mv70";70;1;11;;;1;52;4;2;1;6;2;4;3;2;4;1;5;"Liliane BETTENCOURT. la commande importante d'airbus pour un partenaire américain";"Macron";2;5;1;;2;2;2;1;2;1;2;1;2;1;1;2;2;7;4;20171115;"084727";633
"w4h82344mv70";70;1;11;;;1;50;4;2;1;6;3;4;4;2;3;1;5;"Macron";"Macron";2;3;4;;2;2;2;1;2;1;1;1;2;2;3;2;4;;;20171116;"152959";702
"g4v82374mv70";70;1;11;;;1;47;3;2;4;3;2;3;3;3;3;1;5;"Ordonnances Macron";"l'application ou non des décisions budgétaires";2;4;;;2;2;2;2;1;2;2;1;1;1;1;1;6;4;3;20171115;"070405";323
"m4t62379mv70";70;1;11;;;1;59;4;1;;;5;1;5;4;4;1;4;"macron";"macron";2;5;2;;2;2;2;2;1;3;3;1;1;1;1;1;5;4;6;20171115;"115351";842
"q4m76365mv70";70;1;11;;;1;60;4;2;4;1;3;4;3;3;4;1;5;"Emmanuel Macron, ";"La Chine, les USA";2;1;4;2;2;2;1;1;1;1;1;1;2;1;1;1;7;8;6;20171115;"183811";247
"q4m72347mv70";70;1;11;;;1;60;4;2;3;3;4;3;5;3;4;1;5;"CSG pour les retraites <LF>Fusion Agirc Arcco";"Les grands groupes malgré qu'ils soient montrés du doigts vont continuer à défiscaliser à tous va";2;4;;;1;1;2;2;2;2;2;1;3;1;1;1;7;4;6;20171116;"185202";464
"u4z96342mv70";70;1;11;;;1;42;3;1;;;1;4;1;1;1;1;5;"Emmanuel Macron doit continuer les réformes ";"Emmanuel Macron ";2;1;;;2;2;1;1;1;1;1;1;1;1;1;1;1;;;20171116;"134339";193
"s4r62363mv70";70;1;11;;;1;33;2;2;4;3;3;3;5;4;3;1;5;"ras";"ras";1;2;;;2;2;2;2;1;1;1;2;1;2;2;2;5;;;20171115;"204438";198
"a4x34383mv70";70;1;11;;;2;45;3;1;;;2;4;2;3;4;1;4;"??";"je ne sais pas";2;2;3;;2;2;2;2;1;1;2;1;1;1;1;3;6;7;2;20171114;"190616";239
"q4m64367mv70";70;1;11;;;1;43;3;2;4;1;3;3;3;2;3;1;5;"aucune idée";"aucune idée";2;4;2;3;2;2;2;1;1;1;1;1;1;1;1;1;2;3;5;20171115;"201311";614
"u4z62372mv70";70;1;11;;;1;39;2;1;;;4;3;4;3;3;1;4;"Attentas, météo, gouvernement ";"Idem ";1;1;3;4;3;2;1;2;2;2;2;1;2;1;1;2;7;6;4;20171115;"140058";412
"g4v74379mv70";70;1;11;;;1;37;2;2;1;6;2;3;3;3;3;1;5;"Les attentas, la courbe du chomage, le manque de cap politique...";"les nouvelles lois, le positionnement de la France par rapport à l'europe, Macron";2;4;5;;2;2;2;2;1;1;2;2;2;1;1;2;7;6;2;20171115;"092716";196
"m4t72368mv70";70;1;11;;;2;24;1;2;2;3;2;4;2;3;3;1;5;" <LF>fyh";"impot à la source";2;2;;;2;2;2;2;1;1;1;1;1;1;1;1;3;;;20171115;"183029";877
"s4r56363mv70";70;1;11;;;1;29;1;2;3;6;3;4;3;2;3;1;5;"je ne sais pas";"je ne sais pas";2;5;4;;1;1;3;2;3;2;2;3;3;1;1;3;4;6;;20171116;"074612";217
"s4u86348mv70";70;1;11;;;1;62;4;2;4;4;3;3;3;2;3;1;5;"Piketty ,Duflo";"2vènements liés à l'écologie : réchauffement climatique ,pollutions diverses etc.";2;5;4;;2;1;3;2;3;1;3;1;1;1;1;1;7;4;8;20171116;"140258";660
"s4r44365mv70";70;1;11;;;1;59;4;1;;;3;3;3;3;3;1;4;"Paradise paper";"Climat";2;6;5;4;2;2;3;3;1;3;3;1;1;1;1;1;8;4;6;20171116;"113058";417
"s4u52364mv70";70;1;11;;;1;53;4;2;4;5;5;2;4;3;4;1;5;"Macron et la loi travail";"Macron et ses mesures a la solde des plus riches";2;5;;;3;2;2;2;1;3;3;3;1;1;1;1;7;6;4;20171115;"225438";499
"m4w26388mv70";70;1;11;;;2;38;2;2;1;6;4;3;3;2;3;1;5;"1/. Suppression ISF contre prélèvement sur les comptes épargne des particuliers.<LF>2/. Réduction de l'aide APL contre demande de compensation des bailleurs sociaux: minime mais scandaleuse pour le principe";"Ne sais";2;5;2;3;2;2;2;2;1;1;2;3;3;1;1;3;5;2;7;20171114;"192700";621
"y4p76367mv70";70;1;11;;;1;41;3;1;;;2;5;2;2;2;1;4;"Emmanuel Macron<LF>Le défaut du Venezuela";"Emmanuel Macron<LF>La crise avec la Corée du Nord si une action armée devait se déclencher<LF>Les relations entre l'Iran et l'Arabie Saoudite";1;3;4;2;2;2;2;1;1;2;2;1;2;1;1;1;6;4;7;20171115;"182552";310
"c4f44366mv70";70;1;11;;;1;52;4;1;;;3;3;2;3;2;1;4;"le brexit";"le brexit. macron";2;3;1;2;2;2;2;2;2;1;2;1;2;1;1;2;4;6;7;20171116;"111235";407
"w4k34384mv70";70;1;11;;;2;28;1;2;4;6;4;4;2;3;2;1;5;"N/A";"Trump";2;4;3;6;2;2;2;2;1;2;2;1;1;1;1;1;1;7;2;20171114;"190606";1003
"w4h74364mv70";70;1;11;;;1;40;3;1;;;4;4;3;3;4;1;4;"personne";"personne";2;3;;;3;2;2;2;1;2;2;3;1;1;1;1;7;6;1;20171115;"185915";276
"g4y84344mv70";70;1;11;;;1;46;3;2;1;6;4;2;4;3;3;1;4;"aucun";"trump, guerre au moyen orient";2;1;;;3;2;1;2;1;1;1;1;1;1;1;1;1;5;3;20171116;"151947";236
"u4c92372mv70";70;1;11;;;2;41;3;2;1;6;3;2;3;1;4;1;3;"La baisse des allocations logement, la hausse de la CSG.";"Édouard Philippe et Emmanuel Macron";2;4;1;3;1;3;1;3;1;1;1;1;1;1;1;1;2;5;3;20171114;"213349";782
"y4p58368mv70";70;1;11;;;1;53;4;1;;;2;4;2;2;3;1;4;"Un nombre de création d’entreprises en hausse";"Baisse du nombre de chômeurs ";2;1;;;2;2;2;2;2;2;2;1;2;1;1;1;6;;;20171115;"211331";415
"q4j72372mv70";70;1;11;;;2;33;2;2;4;1;2;3;2;3;4;1;5;"Achat immobilier";"Changer d'emploi";3;2;6;5;1;2;1;1;1;2;2;2;1;1;1;1;4;5;7;20171115;"113609";1165
"a4x82347mv70";70;1;11;;;2;37;2;1;;;2;3;3;2;2;1;4;"macron";"./";3;1;5;2;2;2;2;1;1;1;1;1;1;1;1;1;4;5;6;20171116;"141015";308
"u4c84348mv70";70;1;11;;;1;34;2;2;4;6;2;3;2;3;3;1;5;"Emmanuelle Macron";"Emmanuel Macron";2;1;4;3;2;1;2;2;2;1;1;1;1;3;1;1;3;;;20171116;"141616";810
"c4f48368mv70";70;1;11;;;1;35;2;2;2;6;4;4;4;4;4;1;5;"Rien de spécial, c'est déjà le bordel quoiqu'il arrive...";"Rien de spécial";2;7;;;3;2;3;2;1;1;1;1;1;1;1;2;7;6;5;20171116;"094842";220
"y4p86342mv70";70;1;11;;;1;24;1;1;;;3;3;3;2;3;1;4;"Emmanuel Macron, le scandale des Panama Papers, la journée des célibataires du site chinois Alibaba, la récente vente de nombreux Airbus A320 néo";"Je ne sais pas";3;1;2;4;2;2;3;2;3;1;1;3;3;1;1;1;6;3;2;20171116;"163018";481
"u4c66365mv70";70;1;11;;;1;60;4;1;;;4;1;4;3;3;1;4;"dernier contrat airbus A320 ";"aucune idée";2;4;;;1;1;1;1;1;1;1;1;1;1;1;1;6;3;4;20171115;"203221";417
"c4f82342mv70";70;1;11;;;1;48;3;2;2;6;2;3;3;2;2;1;5;"la reprise mondiale globale. Pour le reste, rien ne semble prégnant";"aucune idée";2;2;5;1;2;2;2;2;1;2;3;1;2;1;1;1;4;8;;20171116;"161230";293
"e4n84345mv70";70;1;11;;;1;37;2;2;4;6;2;4;2;2;2;1;5;"ne sait pas";"ne sait pas";3;2;6;3;2;2;1;1;3;1;1;3;3;1;3;1;2;;;20171116;"150939";244
"u4z76349mv70";70;1;11;;;1;62;4;2;4;1;2;4;2;3;3;1;5;"pour les evenements la réforme du droit du travail<LF>Emmanuel Macron qui faire bouger les choses";"Une évolution de l'Europe vers une meilleur coordination économique<LF>E Macon et A Merkel";2;2;1;;2;2;1;2;1;2;2;1;2;1;1;3;4;6;;20171116;"173605";336
"g4v86377mv70";70;1;11;;;1;60;4;1;;;3;4;5;3;4;1;4;"Alexis tsiprat, personne d'autre";"Angela Merkel";2;5;;;2;2;2;2;1;3;2;1;2;1;1;1;6;;;20171114;"224114";315
"c4f84379mv70";70;1;11;;;1;42;3;1;;;3;4;2;2;5;1;4;"crise du beurre";"aucune idee";2;2;4;;2;2;1;2;1;2;2;1;1;1;1;2;5;4;6;20171114;"214959";218
"m4w76376mv70";70;1;11;;;2;34;2;2;2;1;4;4;3;3;4;1;5;"Emmanuel macron, Loi travail";"/";1;1;3;6;2;3;1;2;2;3;3;3;3;3;1;3;4;;;20171115;"110738";1337
"q4j26387mv70";70;1;11;;;1;61;4;2;4;6;3;4;3;2;3;1;5;"HULOT ";"HULOT";2;2;4;;2;2;1;2;1;1;1;1;1;1;1;1;6;3;7;20171114;"193858";331
"s4u92348mv70";70;1;11;;;1;35;2;2;4;6;3;3;3;3;3;1;5;"Aucun";"Je ne sais pas";3;1;2;3;2;2;2;2;1;1;1;1;1;1;1;1;4;5;3;20171116;"124918";492
"e4n64367mv70";70;1;11;;;1;40;3;1;;;3;4;3;3;3;1;4;"Macron";"MAcron";2;3;4;;2;2;2;2;2;1;1;1;1;1;1;1;4;2;5;20171115;"201114";252
"w4k72374mv70";70;1;11;;;2;47;3;2;2;6;3;3;4;2;4;1;5;"les attentats ";"Trump";2;1;4;;3;1;3;1;2;1;2;3;3;1;3;3;8;6;2;20171115;"110019";294
"c4f64373mv70";70;1;11;;;1;42;3;1;;;2;3;3;2;2;1;4;"FMI";"commerce international";1;4;2;;2;1;1;2;1;2;1;2;1;1;2;2;7;8;4;20171115;"133934";193
"g4y88376mv70";70;1;11;;;2;29;1;2;4;1;3;3;2;3;3;1;5;"-";"-";3;1;;;3;1;1;2;3;3;3;2;3;1;3;1;1;6;;20171114;"230908";810
"m4w98377mv70";70;1;11;;;1;58;4;2;4;5;5;2;3;3;4;1;5;"Ne sait pas";"Ne sait pas";2;5;4;;2;1;2;2;1;1;1;1;1;1;1;1;7;3;4;20171116;"073125";303
"w4h86362mv70";70;1;11;;;2;46;3;2;4;3;6;4;2;2;2;1;5;"emmanuel macron, les attentats";"les réformes de macron, la politique des dirigeants, les attentats";3;6;1;3;2;2;2;1;3;3;3;3;2;1;1;3;6;2;1;20171115;"181511";388
"u4z56372mv70";70;1;11;;;2;42;3;1;;;2;3;4;2;4;1;4;"Je ne sais pas ";"Europe USA ";2;1;;;3;2;2;1;2;2;2;1;1;1;1;3;7;6;5;20171115;"174337";331
"w4k58379mv70";70;1;11;;;1;36;2;2;3;1;3;3;4;3;3;1;5;"donald trump";"la corée du nord";2;4;;;1;1;1;2;1;2;2;2;2;1;2;1;6;;;20171115;"153047";364
"q4j94373mv70";70;1;11;;;2;44;3;2;2;5;3;2;2;3;3;1;5;"l'élection d'Emmanuel Macron";"E. Macron,coupe du monde, ";1;2;5;3;2;2;2;2;1;1;2;1;3;1;1;1;7;;;20171114;"211909";387
"y4p92342mv70";70;1;11;;;1;30;2;2;1;1;2;4;2;2;2;1;5;".";".";3;2;6;1;1;2;2;2;1;1;1;1;2;1;2;2;4;6;1;20171116;"133709";581
"g4v38383mv70";70;1;11;;;2;47;3;1;;;2;3;2;3;2;1;4;"la crise du beurre, révélatrice.";"les dirigeants de grandes sociétés (type Total...)";2;1;;;2;1;2;2;2;1;2;1;2;1;1;1;7;6;8;20171114;"190344";270
"g4v76374mv70";70;1;11;;;1;55;4;2;4;4;2;4;2;2;3;1;5;"Le nouveau President de la Republique ";"E Macron";2;5;;;2;2;1;2;3;1;1;1;2;1;1;3;4;2;3;20171115;"112357";352
"c4f66367mv70";70;1;11;;;1;44;3;2;4;1;5;1;5;4;4;1;5;"Carlos Goshn";"expulsion des migrants en situation irrégulière";2;4;2;5;2;2;2;2;1;1;1;1;1;3;1;1;5;4;2;20171115;"201452";307
"q4m84374mv70";70;1;11;;;1;35;2;2;4;1;5;2;5;3;2;1;5;"Prélèvement à la source, taxe d habitation";"Macron";2;7;;;2;2;2;2;2;1;1;1;1;1;1;1;4;3;8;20171115;"070715";569
"a4x84342mv70";70;1;11;;;1;41;3;1;;;4;3;3;2;3;1;4;"Emmanuel Macron <LF>Loi travail";"Emmanuel Macron<LF>Gérard Dalmanin";2;5;4;;2;1;2;1;2;3;2;1;1;1;1;1;6;4;2;20171116;"162319";338
"y4p82367mv70";70;1;11;;;2;55;4;2;2;5;3;4;3;3;3;1;5;"MACRON, les attentats, la crise";"l'élan MACRON, la reprise de l&quot<SEP>économie";2;2;4;3;2;2;2;1;1;3;2;3;1;1;1;1;6;8;1;20171115;"174301";271
"e4n98379mv70";70;1;11;;;2;47;3;2;4;1;4;1;5;4;3;1;5;"Merkel<LF>Trump";"Merkel<LF>Grande bretagne";2;2;3;4;1;2;2;2;2;2;2;2;2;1;1;2;6;;;20171116;"000814";563
"m4w68367mv70";70;1;11;;;1;57;4;1;;;2;4;3;3;4;1;4;"La loi travail<SEP> Macron.";"La loi travail<SEP> Macron<SEP> E. Philippe.";2;1;3;;1;2;2;2;1;1;1;1;2;1;1;1;4;5;;20171115;"201147";283
"m4w62369mv70";70;1;11;;;1;54;4;1;;;2;2;4;4;3;1;4;"aibus et FFR";"aibus & FFR";3;2;;;2;2;2;3;1;3;3;1;3;1;3;3;1;6;4;20171115;"194653";1543
"m4t68376mv70";70;1;11;;;2;27;1;2;1;1;2;3;3;4;2;1;5;"macron";"macron";2;2;4;3;2;1;2;2;1;1;3;1;2;1;1;3;2;4;6;20171115;"121634";873
"y4p88349mv70";70;1;11;;;1;37;2;1;;;3;3;4;3;3;1;4;"les ordonnances pour la loi travail (Emmanuel Macron)";"Emmanuel Macron, Angela Merkel.";2;5;2;3;2;2;2;2;1;1;2;1;1;1;1;1;4;2;1;20171116;"134820";452
"q4m22388mv70";70;1;11;;;2;73;4;2;1;6;3;3;3;3;3;1;4;"Trump";"Chine";2;6;4;;2;2;2;2;1;1;2;1;2;1;1;1;1;2;4;20171114;"191849";218
"w4h68363mv70";70;1;11;;;2;59;4;1;;;4;3;4;3;4;1;4;"cadeaux fiscaux aux plus aisés";"nspp";2;7;;;2;2;2;2;1;1;1;1;1;1;1;1;5;4;6;20171115;"204016";366
"w4h78366mv70";70;1;11;;;1;37;2;2;3;4;3;2;3;3;3;1;5;"Macron avec ses lois";"Macron";2;4;2;;3;2;2;2;1;3;2;3;3;1;1;1;7;5;6;20171115;"183055";553
"e4n66362mv70";70;1;11;;;1;38;2;2;4;4;5;2;4;4;4;1;5;"loi travail / macron";"loi travail / macron";2;4;5;;2;1;2;2;2;2;2;1;2;1;1;1;4;6;8;20171115;"205824";319
"a4x94374mv70";70;1;11;;;1;47;3;2;1;3;2;3;2;1;2;1;5;"Le dynamisme qu'essaie insuffler le président de la République avec l'action de son gouvernement";"Le Gouvernement part ses actions et les entreprises qui croient en la reprise";3;4;5;6;2;3;1;2;1;3;2;1;2;1;1;3;4;2;7;20171114;"210232";426
"s4r64372mv70";70;1;11;;;1;27;1;2;2;1;3;4;2;2;3;1;5;"le climat et Macron";"La chine ";2;3;2;1;2;2;2;2;2;2;2;1;2;1;1;1;8;4;5;20171115;"141824";338
"e4n28385mv70";70;1;11;;;2;38;2;2;4;2;4;2;5;4;4;1;5;"je ne m'interesse pas à l'économie";"aucune idée";2;4;3;1;1;1;2;2;1;3;3;3;3;1;1;3;1;7;6;20171114;"195933";285
"a4x76376mv70";70;1;11;;;1;56;4;1;;;2;4;3;2;3;1;4;"paradise papers";"impact très limité";2;5;4;;1;2;2;2;2;1;3;1;2;1;1;3;7;4;6;20171115;"105143";285
"s4u94343mv70";70;1;11;;;2;54;4;2;1;6;4;2;4;3;4;1;5;"l'anniversaire des attentats à paris le 13 novembre - ";"AUCUN IDEE";2;3;1;2;2;3;1;3;1;1;1;1;1;1;1;3;2;5;7;20171116;"132903";402
"y4s44367mv70";70;1;11;;;1;37;2;1;;;2;3;4;3;3;1;4;"Macron, trump";"noel";2;7;;;2;2;2;2;1;1;1;1;2;1;1;2;3;6;2;20171116;"102822";662
"e4n94377mv70";70;1;11;;;1;60;4;2;1;5;2;4;3;2;3;1;5;"Emmanuel Macron";"Réformes de l'Etat";2;4;2;5;2;2;1;1;1;2;2;1;1;1;1;1;4;1;5;20171116;"073046";304
"e4n22388mv70";70;1;11;;;1;57;4;2;2;1;3;3;3;5;3;1;5;"paradise papers";"nsp";2;2;5;4;2;2;3;2;1;1;1;1;1;1;1;1;4;2;8;20171114;"192227";384
"c4f92345mv70";70;1;11;;;2;38;2;2;4;6;4;3;4;2;3;1;5;"Élection présidentielle<LF>Risque d attentat et attentats en europe";"D vision sur les lois travail, la réorganisation du système de santé et l imposition";2;5;4;;3;3;1;2;2;2;2;3;3;2;3;1;4;5;7;20171116;"131426";408
"y4p72378mv70";70;1;11;;;1;48;3;2;1;6;3;3;3;3;3;1;5;"TRUMP";"AUCUN";2;5;1;;2;1;2;2;2;2;3;1;2;1;1;1;6;2;8;20171115;"094431";325
"y4p24385mv70";70;1;11;;;2;33;2;2;2;3;4;3;5;2;3;1;3;"macron";"ne sais pas";2;6;5;3;2;2;2;2;1;2;2;1;1;1;1;2;5;4;6;20171114;"200836";511
"g4y24382mv70";70;1;11;;;1;33;2;1;;;4;2;3;2;3;1;4;"diminution des apl";"suppression de l'isf";3;5;4;;4;2;2;1;3;2;2;1;2;1;1;3;6;4;7;20171115;"235006";410
"q4m62373mv70";70;1;11;;;2;39;2;2;4;4;4;2;4;4;4;1;5;"Aucun en particulier ";"Je ne sais pas ";2;3;1;;3;2;1;2;2;2;2;1;3;1;1;3;4;7;6;20171115;"132358";240
"m4t98372mv70";70;1;11;;;1;61;4;2;4;1;2;3;4;5;4;1;5;"La baisse du chômage et Macron";"Ne sais pas ";2;1;;;3;2;1;2;1;2;2;1;1;1;1;1;6;;;20171114;"212030";267
"y4p62375mv70";70;1;11;;;1;51;4;2;3;1;3;2;2;2;3;1;5;"loi travail<LF>rachat d'Asltom par Siemens<LF>Bruno le Maire<LF>Emmanuel Macron";"ventes Airbus<LF>Emmanuel Macron";2;1;4;3;1;2;2;2;1;1;2;1;2;2;1;1;3;4;1;20171115;"122002";548
"s4u92377mv70";70;1;11;;;1;53;4;2;4;3;5;2;4;3;4;1;5;"Élection présidentielle ";"Le gouvernement ";2;4;;;2;1;2;2;2;2;1;1;1;1;1;2;5;7;6;20171116;"061821";413
"w4h56366mv70";70;1;11;;;2;55;4;1;;;4;6;4;3;3;1;4;"RAS";"LES POLITIQUES ";2;4;5;;2;2;2;2;3;3;2;1;2;1;1;1;5;4;7;20171115;"220907";591
"m4t92346mv70";70;1;11;;;2;34;2;1;;;3;3;2;2;3;1;4;"aucune idée";"Macron";2;2;;;2;2;2;1;2;1;1;1;2;1;1;1;2;4;7;20171116;"130503";220
"g4y94347mv70";70;1;11;;;2;29;1;2;3;1;2;2;3;2;3;1;5;"loi de travail ";"macron ";2;2;1;3;2;1;2;2;1;1;2;1;1;2;1;2;4;1;5;20171116;"130516";847
"s4r26382mv70";70;1;11;;;2;27;1;1;;;3;3;3;2;2;1;4;"la réforme de l'ISF<LF>Macron";"Macron<LF>prélèvement des impôts à la source";1;1;6;3;2;2;1;2;2;2;1;1;1;1;1;1;8;5;4;20171116;"000022";365
"g4v56367mv70";70;1;11;;;1;62;4;2;4;1;2;4;3;3;4;1;5;"suppression de l'ISF<LF>échec de Donald Trump";"mise en oeuvre ou non de le réforme fiscal aux Etats-Unis";2;7;;;1;1;2;2;1;1;1;2;1;2;1;1;2;4;7;20171115;"214503";643
"m4t64374mv70";70;1;11;;;1;32;2;2;1;6;2;3;2;2;3;1;3;"MACRON";"JE NE SAIS PAS";1;3;5;1;1;2;1;1;1;1;1;1;3;1;1;1;6;4;1;20171115;"131310";275
"a4x82362mv70";70;1;11;;;1;29;1;2;4;1;2;4;3;3;3;1;5;"aucun";"réforme fiscal de trump. Guerre Iran/Arabie Saoudite";2;4;5;2;2;2;2;2;1;1;1;1;1;1;1;1;4;3;6;20171115;"181054";263
"c4f62378mv70";70;1;11;;;1;32;2;2;4;6;2;4;2;2;2;1;5;"président macron<LF>reforme du code du travail";"edouard philippe et ses ministres";2;2;1;;2;2;2;2;1;2;2;1;2;1;1;1;4;6;1;20171115;"115847";473
"e4q72366mv70";70;1;11;;;1;63;4;1;;;4;3;3;3;3;1;4;"l'appel des scientifiques";"la COP 23";2;7;;;2;2;2;2;1;1;1;1;1;1;1;1;4;5;6;20171115;"182834";374
"g4y54363mv70";70;1;11;;;1;33;2;2;1;3;3;4;2;3;2;1;5;"Nsp";"Hulot";2;2;4;5;2;2;2;2;1;1;1;1;1;1;1;1;1;2;7;20171115;"231754";365
"u4z98378mv70";70;1;11;;;1;41;3;2;1;3;2;4;3;3;3;1;5;"Elections présidentielles et E. Macron";"politique d'E. Macron";2;4;;;2;2;2;2;1;1;1;1;1;1;1;1;4;3;5;20171116;"021920";300
"e4n94348mv70";70;1;11;;;2;54;4;2;1;1;4;4;3;3;2;1;5;"M. MACRON LES RISQUES D'ATTENTA";"LES DEPUTES ET LA CROISSANCE";2;5;;;1;1;2;3;2;2;1;3;1;1;1;2;8;6;5;20171116;"125436";378
"y4p48365mv70";70;1;11;;;2;52;4;2;2;6;3;3;3;2;3;1;5;"Brexit - MAY<LF>Elections en Allemagne - MERKEL";"Indépendance Catalogne - Carles Puigdemont<LF>Impôts à la source - Bruno Le Maire";2;4;5;2;2;2;2;2;2;2;2;1;2;1;1;1;7;6;4;20171116;"112630";894
"c4f88367mv70";70;1;11;;;2;46;3;2;1;6;4;2;4;2;3;1;5;"E. Macron et les Ordonnances";"idem";2;5;;;2;2;2;2;1;1;1;1;1;1;1;1;5;2;4;20171115;"174622";462
"s4r52374mv70";70;1;11;;;1;49;3;2;3;6;3;4;3;3;3;1;5;"la quête d'indépendance de la Catalogne";"Macron";2;2;5;;2;2;2;2;1;1;3;1;1;1;1;3;2;7;4;20171115;"172811";388
"u4c48367mv70";70;1;11;;;1;28;1;2;4;6;4;3;4;3;3;1;5;"Les ordonnances Macron";"Les ordonnances Macron";2;2;3;4;3;1;1;2;2;2;2;3;2;1;2;3;3;6;4;20171116;"104420";383
"q4j68365mv70";70;1;11;;;1;35;2;2;4;5;4;2;3;4;3;1;5;"L’indépendance de la Catalogne ";"La loi travail de macron ";2;3;;;3;2;2;2;1;2;1;1;2;2;1;1;4;5;8;20171115;"202430";250
"w4h86347mv70";70;1;11;;;2;33;2;2;2;6;4;2;4;3;3;1;4;"Macron";"La loi travail";2;4;;;2;2;2;2;2;2;2;2;2;2;1;2;7;;;20171116;"142315";330
"w4h62366mv70";70;1;11;;;2;53;4;1;;;3;3;3;3;3;1;4;"L'importance des dividendes au dépend du travail";"Je ne sais pas";2;7;;;3;2;2;2;3;1;3;3;3;1;1;1;8;2;6;20171115;"202628";643
"y4s56365mv70";70;1;11;;;1;49;3;1;;;5;1;5;3;4;1;4;"Les attentats";"Personne";2;4;;;1;1;2;2;2;2;2;2;2;1;1;3;6;;;20171115;"223353";280
"u4c96346mv70";70;1;11;;;2;27;1;1;;;2;4;2;2;2;1;4;"E.Macron";"E.Macron";1;6;5;1;2;2;1;1;2;2;2;2;2;1;1;1;8;6;7;20171116;"130947";254
"y4p68372mv70";70;1;11;;;1;58;4;2;4;5;2;4;3;3;3;1;5;"Macron - Taxe d'habitation - ";"Macron - Merckel - ";2;3;4;;2;2;2;2;1;1;1;1;1;1;1;1;5;8;4;20171115;"135835";460
"q4j94344mv70";70;1;11;;;1;55;4;1;;;6;2;4;5;5;1;4;"RAS";"RAS";3;7;;;1;1;3;3;2;2;2;1;2;2;3;3;4;;;20171116;"132134";298
"e4n72347mv70";70;1;11;;;2;45;3;1;;;3;2;3;2;3;1;4;"Aucune idee";"Vog";2;5;4;;2;2;1;2;1;2;1;1;1;1;1;1;7;4;8;20171116;"190537";628
"q4j62368mv70";70;1;11;;;2;60;4;2;3;6;4;3;3;3;5;1;5;"attentat, tuerie, phénoùene meteeo";"trump";1;1;3;4;2;2;2;2;3;1;1;3;1;1;1;1;7;5;2;20171115;"194505";298
"a4x88373mv70";70;1;11;;;2;47;3;2;4;6;3;2;2;2;3;1;5;"La refonte du code du travail.";"La refonte du code du travail. La réforme à venir sur l'assurance chômage.";2;5;4;1;1;2;2;2;1;1;1;1;1;1;1;3;5;3;6;20171115;"072707";321
"s4r88366mv70";70;1;11;;;1;25;1;2;1;6;2;3;4;2;1;1;5;"Macron";"MAcron";2;5;2;;2;2;2;2;1;1;1;1;1;1;1;1;1;3;4;20171115;"175214";593
"g4y76378mv70";70;1;11;;;1;36;2;2;2;6;3;3;3;3;4;1;5;"ne sais pas";"ne sais pas";2;4;1;3;3;2;2;3;2;3;3;1;3;1;1;2;5;4;7;20171115;"095830";272
"s4r84378mv70";70;1;11;;;1;53;4;2;4;6;4;4;3;3;3;1;5;"macron";"macron";2;2;;;1;1;2;2;1;1;2;1;2;1;1;1;7;6;4;20171114;"221517";460
"m4w66373mv70";70;1;11;;;1;29;1;2;4;1;3;4;3;2;3;1;5;"macron<LF>trump";"trump";2;1;3;4;1;1;1;2;1;2;2;1;2;1;1;1;1;6;7;20171115;"133754";235
"e4n24383mv70";70;1;11;;;1;40;3;2;4;1;3;3;4;2;3;1;5;"les ordonnances";"nouvelles lois";2;7;;;1;2;1;2;1;2;2;1;2;2;2;1;6;8;;20171115;"125928";242
"e4q74346mv70";70;1;11;;;2;42;3;1;;;3;3;2;3;3;1;4;"Paradise Papers <LF>Commande d'Airbus";"Trump";3;4;1;3;2;2;1;1;1;3;3;3;1;3;1;1;7;8;;20171116;"190741";269
"w4h92376mv70";70;1;11;;;2;37;2;2;3;1;2;4;3;2;2;1;5;"Macron et sa loi sur le travail  (uberisation du travail)<LF>Le brexit ";"Macron et sa loi travail ";2;2;3;;3;1;1;1;2;1;1;1;1;1;1;1;5;3;;20171114;"233348";10901
"u4c52373mv70";70;1;11;;;2;59;4;1;;;4;3;5;3;4;1;4;"le vote de la Loi Travail, Macron";"la Loi Travail, M. GATTAZ";2;5;;;2;2;2;2;1;2;2;1;1;1;1;1;8;6;7;20171115;"172851";304
"q4j86349mv70";70;1;11;;;1;27;1;2;4;1;3;2;3;2;3;1;5;"Ventes record d'Airbus";"Réformes fiscales";2;3;1;2;1;1;1;2;2;2;2;1;2;1;1;1;4;6;8;20171116;"135708";452
"s4r48367mv70";70;1;11;;;1;50;4;2;2;1;2;4;3;2;3;1;5;"macron";"les jeux à paris en 2024";2;3;1;;2;1;1;1;1;2;2;1;2;1;1;1;6;7;8;20171116;"100211";306
"w4h68377mv70";70;1;11;;;2;52;4;1;;;3;6;5;2;4;1;4;"aucune idée";"je n'en sais rien";2;4;5;3;4;3;2;2;2;2;2;3;3;1;3;3;6;;;20171115;"115810";214
"u4c54367mv70";70;1;11;;;1;59;4;1;;;2;4;4;3;3;1;5;"Xavier Niels";"Xavier Niels";2;2;4;;1;1;2;2;1;2;2;2;1;2;1;1;1;8;;20171115;"213522";330
"u4z66375mv70";70;1;11;;;1;57;4;1;;;4;3;5;2;4;1;4;"Emmanuel Macron";"Pas vraiment d'idées si ce n'est les indispensables réformes";2;4;1;5;2;1;2;1;2;1;2;1;2;1;1;1;8;2;4;20171115;"124200";423
"s4u78368mv70";70;1;11;;;1;47;3;2;4;2;4;1;2;2;3;1;5;"HAUSSE DE LA CSG";"MODIFICATION DU CODE DU TRAVAIL";2;8;;;3;2;1;1;2;2;2;1;2;1;1;3;6;4;;20171115;"182335";346
"m4t56379mv70";70;1;11;;;1;36;2;1;;;5;4;4;3;4;1;4;"Macron, par ses décisions contre productives";"Macron, pour précariser les salariés, tout en favorisant les personnes possédant du capital";2;7;;;2;1;2;2;1;2;1;1;1;1;1;1;4;;;20171115;"153921";397
"u4c74374mv70";70;1;11;;;1;49;3;1;;;4;3;3;3;3;1;4;"Les problèmes catalans.";"Changement de gouvernement";2;5;6;;2;2;2;2;2;2;2;1;2;1;2;2;7;4;6;20171115;"110614";542
"s4r92373mv70";70;1;11;;;2;56;4;1;;;4;3;3;1;2;1;4;"Christine Lagarde<LF>Angela Merkel ";"Christine Lagarde<LF>Angela merkel";2;3;2;4;2;2;2;2;1;1;1;1;1;1;1;1;7;3;5;20171114;"211445";366
"u4z24382mv70";70;1;11;;;1;56;4;1;;;4;3;3;3;3;1;4;"terrorisme";"terroristes";2;7;;;2;2;1;2;2;2;2;2;2;1;1;1;7;6;;20171115;"235711";248
"s4u28352mv70";70;1;11;;;1;54;4;2;2;6;3;4;3;2;4;1;5;"Macron";"nsp";2;2;4;;2;2;2;2;1;2;2;1;1;1;1;1;4;7;8;20171116;"123412";239
"e4q98342mv70";70;1;11;;;1;49;3;2;4;4;4;4;4;3;3;1;5;"Marin<LF>Réforme code du travail<LF>Darty<LF>Problème d'être altice ";"Environnement mondial<LF>Situation for politique moyen orient et Corée<LF>Cours du pétrole ";2;3;;;2;2;1;2;1;1;1;1;1;1;1;1;2;;;20171116;"134328";271
"q4j56368mv70";70;1;11;;;1;26;1;2;4;6;2;4;2;5;2;1;5;"je ne sais pas";"macron";2;4;1;3;2;2;2;2;1;1;3;1;1;1;1;1;3;4;5;20171115;"212642";372
"a4x68366mv70";70;1;11;;;2;22;1;1;;;3;4;3;3;3;1;4;"Loi travail";"Je ne sais pas";3;6;5;4;2;2;1;1;2;2;2;3;3;1;1;2;6;7;;20171115;"201918";430
"w4h96379mv70";70;1;11;;;2;33;2;1;;;2;2;2;2;2;1;4;"cs";"<LF><LF>$";2;2;;;1;2;2;2;2;1;1;2;1;1;2;2;6;;;20171116;"013410";851
"a4a48365mv70";70;1;11;;;2;51;4;1;;;3;2;4;2;4;1;4;"La vague d'attentats.";"Les licenciements économiques.";2;1;2;4;1;2;1;3;2;2;2;1;3;1;1;1;4;5;6;20171116;"115919";237
"c4f78364mv70";70;1;11;;;1;39;2;1;;;1;5;1;2;2;1;4;"Les prévisions de croissance en hausse pour l'UE, la zone euro et la France<LF>Les ordonnances relatives au Code du travail";"Baisse des charges salariales<LF>Hausse de la CSG<LF>Réforme de la formation professionnelle<LF>Stabilité fiscale pour les entreprises";2;4;2;3;2;2;2;2;1;1;1;1;1;1;1;1;4;3;6;20171115;"184104";242
"u4z46368mv70";70;1;11;;;1;34;2;2;2;6;2;4;2;4;2;1;5;"président macron";"président macron";2;2;3;4;2;2;1;2;1;1;1;1;1;1;1;1;2;7;5;20171116;"095715";402
"w4h86376mv70";70;1;11;;;1;38;2;1;;;3;3;3;3;3;1;4;"Macron, Xavier Niel";"Macron";2;4;5;2;3;3;2;2;2;2;2;3;2;3;1;1;6;7;;20171114;"230239";264
"u4z54377mv70";70;1;11;;;2;36;2;1;;;3;2;4;2;4;1;4;"baisse des contrats aidés<LF>suppression partielle de la taxe d'habitation<LF>baisse des APL";"baisse des APL";2;4;;;2;2;2;2;1;2;2;1;1;1;1;3;7;6;;20171115;"170455";1020
"q4m46369mv70";70;1;11;;;2;47;3;2;3;1;4;2;4;4;3;1;5;"LA VENTE D'AVION PAR AIRBUS";"macron";2;4;5;;1;2;2;2;2;2;2;1;1;1;1;2;7;5;6;20171116;"084440";282
"m4w94345mv70";70;1;11;;;2;37;2;1;;;2;3;2;3;3;1;4;"Emmanuel Macron et la réforme de la taxe d'habitation et du code de travail";"Emmanuel Macron et ses réformes";2;7;;;1;1;2;2;3;1;2;1;2;1;1;2;2;4;6;20171116;"131121";233
"m4t86375mv70";70;1;11;;;1;44;3;2;4;3;4;2;3;3;3;1;5;"brexit<LF>crise catalane";"allemagne<LF>chine<LF>donald trump<LF>écologie";2;3;;;1;1;2;2;1;2;2;2;1;1;1;1;7;6;5;20171115;"000620";212
"a4x98376mv70";70;1;11;;;1;38;2;2;3;1;3;3;3;2;3;1;5;"vion";"macron";3;4;;;2;2;2;2;3;1;3;1;3;1;1;3;3;2;;20171114;"203301";214
"q4m54364mv70";70;1;11;;;2;50;4;2;1;1;2;2;1;1;2;1;5;"l'élection de macron";"patrick drahi";2;4;6;1;2;1;1;1;2;2;2;1;2;1;1;1;5;;;20171115;"225726";425
"a4a96344mv70";70;1;11;;;2;61;4;2;3;6;2;3;4;2;4;1;5;"Rien ne me vient";"Emmanuel Macron";2;4;2;5;3;1;1;2;1;2;2;3;2;1;3;3;1;3;4;20171116;"132146";307
"u4z86367mv70";70;1;11;;;1;58;4;2;4;6;2;4;1;2;3;1;5;"Macron";"Macron Philippe";1;2;4;3;2;2;1;2;1;1;3;1;3;1;1;1;6;4;2;20171115;"174838";338
"y4s72368mv70";70;1;11;;;2;36;2;1;;;4;2;3;4;4;1;4;"macron";"aucune idée";2;5;4;;2;2;2;2;1;1;1;1;1;1;1;3;3;5;;20171115;"181944";272
"u4z78343mv70";70;1;11;;;2;36;2;1;;;5;2;4;3;4;1;4;"personne ! ils répètent tous la même chose en soutenant le libéralisme et le capitalisme !!! ";"personne !! ";2;4;;;2;2;3;2;1;2;2;1;1;1;1;1;4;7;5;20171116;"201326";207
"s4r86373mv70";70;1;11;;;2;47;3;2;4;6;2;4;2;3;2;1;5;"Les négociations sur le Brexit, les lois sur le code du travail";"idem";2;7;;;2;2;2;1;1;1;1;1;1;1;1;1;6;1;3;20171115;"083244";400
"u4c96375mv70";70;1;11;;;2;45;3;1;;;4;3;4;4;3;1;4;"les annonces du gouvernement";"le gouvernement";2;1;2;3;2;2;2;2;2;2;2;3;2;1;1;3;7;;;20171114;"205458";320
"q4j52365mv70";70;1;11;;;2;42;3;2;4;6;4;3;4;3;4;1;5;"modification des règles de l'ISF qui profitent aux plus aisés, alors que l'on réduit les aides aux plus défavorisés. une honte !";"les paradise papers ! ! !l'évasion fiscale est une plaie qu'il faut mieux contrôler et strictement règlementer.";2;3;4;1;1;1;1;2;2;2;2;1;2;1;1;1;7;4;8;20171115;"223149";713
"u4c84377mv70";70;1;11;;;1;46;3;2;1;1;2;3;3;5;4;1;5;"Aucune idee";"E. Macron";2;1;;;3;1;2;2;1;2;2;1;2;1;1;3;4;6;;20171114;"222331";241
"q4j82346mv70";70;1;11;;;1;49;3;2;4;4;2;4;3;3;3;1;5;"- PENICAULT / Loi travail";"Baisse du chomage";2;2;5;;1;1;1;2;1;1;1;1;1;1;1;1;6;2;1;20171116;"150854";2056
"q4j42376mv70";70;1;11;;;2;54;4;1;;;3;3;3;5;5;1;4;"Macron";"Macron<LF>augmentation de la CSG";2;1;5;4;2;2;3;2;2;2;2;1;2;1;1;3;7;4;;20171116;"222351";588
"q4j64377mv70";70;1;11;;;1;58;4;2;2;4;5;2;5;3;3;1;4;"bof";"bof";2;7;;;3;1;2;2;2;3;2;1;1;1;1;1;6;4;8;20171115;"120339";273
"w4h84367mv70";70;1;11;;;2;45;3;1;;;2;3;2;3;4;1;4;"E. Macron";"E. MAcron";1;7;;;2;2;2;2;2;2;2;1;2;1;1;2;4;;;20171115;"174448";222
"c4f78378mv70";70;1;11;;;2;47;3;2;4;3;4;2;3;2;3;1;5;"Ne se prononce pas";"Le Président";3;3;;;3;1;1;1;1;3;3;1;1;1;1;1;5;7;6;20171115;"093652";420
"m4w86365mv70";70;1;11;;;1;38;2;2;4;1;3;3;3;3;3;1;5;"Macron<LF>Hausse de la CSG";"krach boursier?<LF>Theresa May";2;5;;;2;2;2;2;1;1;2;1;2;1;1;1;6;;;20171115;"175835";617
"y4p56375mv70";70;1;11;;;1;61;4;2;4;1;2;4;3;2;3;1;5;"Macron";"Macron, Le Maire";2;2;5;4;2;1;1;1;2;2;2;1;1;1;1;1;7;5;4;20171115;"172415";280
"w4k76377mv70";70;1;11;;;2;36;2;2;4;6;6;4;6;3;3;1;5;"pas d'avis";"Pas d'avis";2;4;1;;2;2;1;2;1;1;1;1;1;1;1;1;7;5;6;20171115;"114044";3529
"u4c74345mv70";70;1;11;;;2;49;3;2;4;6;2;4;2;5;3;1;5;"nsp";"gouvernement ";2;3;2;4;2;2;3;1;2;1;2;1;3;1;1;3;4;6;2;20171116;"192231";286
"w4k88346mv70";70;1;11;;;2;56;4;1;;;5;2;4;3;3;1;4;"Les augmentations ";"Les augmentations ";2;6;2;4;2;1;2;2;2;1;3;1;1;1;3;3;2;5;8;20171116;"145427";563
"a4x28382mv70";70;1;11;;;2;22;1;2;3;1;3;2;3;2;2;1;5;"Airbus :vente historique<LF>HSBC :verse 300 millions pour éviter un procès ";"Je ne sais pas";2;1;;;2;2;1;1;2;2;2;1;2;2;1;1;4;7;8;20171115;"234456";1133
"a4x74367mv70";70;1;11;;;1;52;4;2;1;5;2;3;2;2;2;1;5;"Baisse du chomage, reprise activités industrielles.";"Nicolas Hulot";2;2;1;4;2;2;2;2;1;1;1;1;1;1;1;1;5;6;7;20171115;"182200";199
"g4v54373mv70";70;1;11;;;1;40;3;2;2;6;3;2;3;2;3;1;5;"Aucune";"La réforme de la loi travail";2;5;4;;2;2;2;2;1;1;1;1;1;1;1;3;4;1;2;20171115;"172922";251
"u4z76378mv70";70;1;11;;;1;57;4;2;4;5;2;5;3;2;3;1;5;"Macron ";"Macron";2;4;6;5;2;1;1;1;1;1;2;1;2;1;1;1;3;7;4;20171115;"210513";364
"y4p74344mv70";70;1;11;;;2;43;3;1;;;6;6;2;5;3;1;4;"Ne me prononce pas";"Ne saurais vous dire";3;5;4;;3;2;3;3;3;1;3;3;3;1;1;1;2;6;7;20171116;"195823";370
"q4m78345mv70";70;1;11;;;2;45;3;1;;;2;4;2;2;4;1;5;"macron<LF>trump";"macron";2;1;;;1;1;1;1;2;2;2;1;2;1;2;1;8;;;20171116;"192840";321
"s4r74346mv70";70;1;11;;;1;27;1;2;4;1;3;3;3;3;3;1;5;"Je ne sais pas";"Je ne sais pas";3;4;5;2;3;1;1;1;2;2;2;1;2;3;2;1;3;4;;20171116;"190836";261
"e4n72376mv70";70;1;11;;;1;37;2;1;;;3;3;3;2;3;1;4;"ras";"ras";1;2;1;3;3;2;3;3;3;3;2;1;3;1;1;3;1;4;6;20171115;"104823";231
"m4w28383mv70";70;1;11;;;2;35;2;1;;;3;3;3;2;4;1;4;"Emmanuel Macron, le Brexit";"le gouvernement";3;2;4;;3;3;3;2;1;1;1;1;1;1;1;3;3;5;4;20171114;"203151";260
"w4k54362mv70";70;1;11;;;1;38;2;2;3;6;4;2;2;1;1;1;5;"Négociations Brexit<LF>Poutine <LF>COP 23";"Poutine / Trump";2;1;3;2;3;1;1;2;2;1;2;1;2;1;1;3;2;4;6;20171116;"081533";357
"a4x52366mv70";70;1;11;;;1;46;3;2;4;1;3;2;3;3;3;1;5;"emmanuel macron";"Bruno Le Maire";2;5;3;4;2;2;2;2;1;2;1;1;2;2;1;1;1;4;;20171115;"225810";432
"m4w84342mv70";70;1;11;;;1;50;4;2;4;1;3;3;3;3;3;1;5;"ras";"ras";2;1;;;2;2;1;2;1;1;2;1;3;1;1;1;6;5;4;20171116;"161116";252
"m4t74377mv70";70;1;11;;;1;44;3;1;;;2;4;3;2;3;1;5;"Macron, Le Maire, Darmanin<LF>Choix budgétaires et fiscaux";"Macron, Brexit";1;2;6;4;2;2;1;1;1;1;1;1;1;1;2;3;2;6;3;20171115;"104745";342
"s4r36385mv70";70;1;11;;;1;39;2;1;;;2;4;3;3;3;1;4;"Signature ceta ";"Attitude BCE";2;3;4;;2;2;2;2;1;1;1;1;1;1;1;1;4;7;2;20171114;"182854";277
"a4x58363mv70";70;1;11;;;1;25;1;2;1;5;3;3;2;2;3;1;5;"Macron";"Macron ";1;1;3;4;2;1;1;1;2;1;1;1;2;1;2;2;4;1;5;20171115;"230701";237
"y4p96374mv70";70;1;11;;;1;35;2;1;;;3;3;3;2;4;1;4;"Loi travail";"Macron";2;5;;;2;2;2;2;1;1;3;1;1;1;1;1;3;6;1;20171114;"210227";338
"q4j58376mv70";70;1;11;;;1;41;3;2;1;3;3;4;2;3;3;1;5;"macron";"macron";2;5;4;2;3;2;2;1;2;1;1;1;2;2;2;1;2;4;3;20171115;"172348";542
"w4k66374mv70";70;1;11;;;1;29;1;1;;;3;4;3;3;4;1;4;"personne";"la bce";2;5;;;2;2;2;2;1;1;1;1;1;1;1;1;8;7;5;20171115;"130715";207
"s4u58376mv70";70;1;11;;;2;34;2;2;1;5;2;3;2;3;2;1;5;"MACRON, les attentats";"je ne sais pas";2;8;;;2;2;2;2;1;1;2;1;3;1;1;3;2;7;;20171115;"172233";331
"g4v98374mv70";70;1;11;;;2;40;3;2;4;2;3;3;3;3;3;1;5;"Macron";"1er ministre<LF>Jeux olympiques ";2;4;3;2;3;1;2;2;3;1;2;1;3;3;1;3;2;4;7;20171114;"210138";460
"g4v65362mv70";70;1;11;;;1;29;1;1;;;2;4;2;2;3;1;4;"Emmanuel Macron";"Emmannuel Macron";1;1;;;2;1;1;2;1;1;1;3;3;1;1;1;3;6;8;20171115;"205742";313
"m4w64378mv70";70;1;11;;;1;29;1;1;;;3;3;3;3;3;1;4;"Personne";"personne";2;4;;;3;2;2;2;1;2;2;1;1;1;1;3;4;5;;20171115;"145603";11243
"y4s86375mv70";70;1;11;;;2;52;4;1;;;3;4;3;3;3;1;4;"Emmanuel Macron<LF>E Philippe<LF>l'annonce du Brexit";"Le brexit<LF>Macron";2;1;;;2;2;2;2;3;3;3;1;1;1;1;3;5;4;7;20171114;"234950";442
"u4c24386mv70";70;1;11;;;2;52;4;2;4;6;1;4;1;2;2;1;3;"Brexit<LF>Contexte mondial plus porteur<LF>BTP redémarre";"La fiscalité en France";2;8;;;1;1;2;1;2;2;2;3;2;1;1;1;6;7;8;20171114;"195644";808
"m4t26384mv70";70;1;11;;;2;49;3;2;4;4;2;4;2;2;2;1;5;"Macaron et l'élection en France le brexit";"La sortie effective du uk de leurope l allemagne";2;1;;;3;2;2;2;3;2;1;1;3;1;1;3;5;7;4;20171114;"202425";373
"q4m96372mv70";70;1;11;;;2;36;2;1;;;3;3;2;3;3;1;4;"Je ne sais pas";"Je ne sais pas";3;2;4;;3;2;2;1;3;1;3;3;1;3;1;3;4;7;2;20171114;"212816";346
